City_ID,City,Country,Date,Lat,Lng,Max Temp,Humidity,Cloudiness,Wind Speed
0,Long Xuyen,VN,2021-04-02 17:37:56,10.3833,105.4167,82.4,89,20,2.3
1,Kaitangata,NZ,2021-04-02 17:37:56,-46.2817,169.8464,40.86,91,44,5.5
2,Rikitea,PF,2021-04-02 17:37:57,-23.1203,-134.9692,76.73,79,93,11.39
3,Skjervoy,NO,2021-04-02 17:37:57,70.0311,20.9714,36.75,96,100,32.57
4,Port Alfred,ZA,2021-04-02 17:37:57,-33.5906,26.891,63.05,80,100,14.97
5,Ostrovnoy,RU,2021-04-02 17:37:57,68.0531,39.5131,21.09,95,97,2.59
6,Mahebourg,MU,2021-04-02 17:37:58,-20.4081,57.7,78.8,94,40,5.75
7,Cape Town,ZA,2021-04-02 17:37:58,-33.9258,18.4232,66.99,63,0,6.91
8,Lira,UG,2021-04-02 17:37:58,2.235,32.9097,71.56,70,100,4.54
9,Puerto Ayora,EC,2021-04-02 17:37:59,-0.7393,-90.3518,82.4,78,20,6.91
10,Borskoye,RU,2021-04-02 17:37:59,53.0333,51.7167,33.28,93,34,12.93
11,Castro,BR,2021-04-02 17:37:59,-24.7911,-50.0119,72.73,46,19,1.7
12,Hilo,US,2021-04-02 17:38:00,19.7297,-155.09,66.99,82,1,6.91
13,Hobart,AU,2021-04-02 17:38:00,-42.8794,147.3294,62.6,67,17,17.27
14,Los Llanos De Aridane,ES,2021-04-02 17:38:00,28.6585,-17.9182,68.0,68,40,12.66
15,Tomatlan,MX,2021-04-02 17:38:01,19.9333,-105.25,95.14,26,20,9.71
16,Arraial Do Cabo,BR,2021-04-02 17:34:14,-22.9661,-42.0278,82.4,65,20,19.57
17,Ushuaia,AR,2021-04-02 17:38:01,-54.8,-68.3,50.0,71,20,17.27
18,Busselton,AU,2021-04-02 17:38:02,-33.65,115.3333,62.01,84,98,1.99
19,Merauke,ID,2021-04-02 17:38:02,-8.4667,140.3333,76.23,92,99,5.77
20,Port Elizabeth,ZA,2021-04-02 17:38:03,-33.918,25.5701,62.6,77,0,12.66
21,Tynda,RU,2021-04-02 17:37:11,55.1667,124.7167,8.8,70,74,11.61
22,Butaritari,KI,2021-04-02 17:38:03,3.0707,172.7902,81.07,81,25,17.29
23,Albany,US,2021-04-02 17:38:04,42.6001,-73.9662,33.01,38,100,1.01
24,Demba,CD,2021-04-02 17:38:04,-5.51,22.2667,73.29,87,82,1.43
25,Hamilton,US,2021-04-02 17:34:29,39.1834,-84.5333,45.0,33,1,4.88
26,San Jose,US,2021-04-02 17:35:00,37.3394,-121.895,63.0,48,20,3.44
27,Porto San Giorgio,IT,2021-04-02 17:38:05,43.1827,13.7934,68.0,37,15,5.75
28,Alofi,NU,2021-04-02 17:38:06,-19.0595,-169.9187,69.8,100,18,2.3
29,Kapaa,US,2021-04-02 17:38:06,22.0752,-159.319,73.4,73,75,12.66
30,Port Lavaca,US,2021-04-02 17:38:06,28.615,-96.6261,69.8,37,1,14.97
31,Hermanus,ZA,2021-04-02 17:38:07,-34.4187,19.2345,63.0,72,75,1.99
32,Vaini,TO,2021-04-02 17:38:07,-21.2,-175.2,73.4,100,75,6.69
33,Yerbogachen,RU,2021-04-02 17:38:07,61.2767,108.0108,9.36,95,100,6.91
34,Ponta Do Sol,PT,2021-04-02 17:38:08,32.6667,-17.1,66.2,63,20,10.36
35,Saskylakh,RU,2021-04-02 17:38:08,71.9167,114.0833,-37.93,100,50,3.27
36,Noumea,NC,2021-04-02 17:38:08,-22.2763,166.4572,78.01,100,75,4.61
37,Punta Arenas,CL,2021-04-02 17:34:57,-53.15,-70.9167,50.0,62,0,14.97
38,Tuatapere,NZ,2021-04-02 17:38:09,-46.1333,167.6833,46.99,85,46,4.0
39,Monte Aprazivel,BR,2021-04-02 17:38:05,-20.7725,-49.7142,84.2,28,20,4.61
40,Avera,US,2021-04-02 17:38:09,33.194,-82.5271,52.0,29,1,11.5
41,Victoria,HK,2021-04-02 17:33:48,22.2855,114.1577,79.0,83,2,3.24
42,Elizabeth City,US,2021-04-02 17:38:10,36.2946,-76.2511,42.8,42,75,13.8
43,Corinto,GR,2021-04-02 17:38:10,37.9407,22.9573,62.01,50,80,3.0
44,Thompson,CA,2021-04-02 17:38:11,55.7435,-97.8558,44.6,53,20,11.5
45,Coquimbo,CL,2021-04-02 17:38:11,-29.9533,-71.3436,62.6,72,20,14.97
46,Westport,US,2021-04-02 17:38:11,41.1415,-73.3579,35.01,37,90,12.66
47,Pisco,PE,2021-04-02 17:38:12,-13.7,-76.2167,77.0,64,0,9.22
48,Codrington,AU,2021-04-02 17:38:12,-38.2667,141.9667,64.89,41,0,10.89
49,Deputatskiy,RU,2021-04-02 17:38:12,69.3,139.9,-13.72,99,100,0.4
50,Hofn,IS,2021-04-02 17:38:13,64.2539,-15.2082,46.31,71,23,9.55
51,Chuy,UY,2021-04-02 17:38:13,-33.6971,-53.4616,73.02,54,53,9.75
52,Mar Del Plata,AR,2021-04-02 17:38:13,-38.0023,-57.5575,68.0,77,75,14.97
53,Jackson,US,2021-04-02 17:38:06,42.4165,-122.8345,57.0,50,1,1.92
54,Oda,JP,2021-04-02 17:38:14,35.1833,132.5,55.29,85,9,7.83
55,Naze,JP,2021-04-02 17:36:33,28.3667,129.4833,66.78,94,100,15.39
56,San Juan,AR,2021-04-02 17:38:14,-31.5375,-68.5364,83.43,30,5,8.63
57,Mataura,NZ,2021-04-02 17:38:14,-46.1927,168.8643,46.99,85,57,4.0
58,Atuona,PF,2021-04-02 17:38:15,-9.8,-139.0333,80.96,79,78,14.92
59,Narsaq,GL,2021-04-02 17:38:15,60.9167,-46.05,41.0,65,75,3.44
60,Labuhan,ID,2021-04-02 17:38:15,-6.8844,112.2051,79.52,84,39,5.35
61,Richards Bay,ZA,2021-04-02 17:35:23,-28.783,32.0377,75.63,75,33,11.18
62,Ambunti,PG,2021-04-02 17:38:16,-4.2365,142.8448,73.2,98,100,0.74
63,Phan Thiet,VN,2021-04-02 17:38:16,10.9333,108.1,76.69,88,50,3.22
64,Nara,JP,2021-04-02 17:38:17,34.6851,135.8049,60.01,68,9,6.73
65,Nemuro,JP,2021-04-02 17:38:17,43.3236,145.575,37.31,85,94,15.68
66,Grindavik,IS,2021-04-02 17:38:17,63.8424,-22.4338,41.0,87,90,12.66
67,Guapiles,CR,2021-04-02 17:38:18,10.2159,-83.7866,80.6,53,40,25.32
68,Iqaluit,CA,2021-04-02 17:38:18,63.7506,-68.5145,-9.0,64,20,2.3
69,Ulu-Telyak,RU,2021-04-02 17:38:19,54.9086,56.9669,31.95,84,76,7.05
70,Georgetown,MY,2021-04-02 17:38:20,5.4112,100.3354,84.2,89,20,5.99
71,Souillac,MU,2021-04-02 17:38:21,-20.5167,57.5167,78.8,94,40,5.75
72,Fairbanks,US,2021-04-02 17:38:22,64.8378,-147.7164,1.99,85,90,3.44
73,Russell,US,2021-04-02 17:38:23,32.3502,-85.1999,54.0,30,1,8.05
74,Broken Hill,AU,2021-04-02 17:38:25,-31.95,141.4333,66.2,45,0,10.36
75,Obera,AR,2021-04-02 17:37:12,-27.4871,-55.1199,83.97,29,0,1.99
76,Tasiilaq,GL,2021-04-02 17:38:25,65.6145,-37.6368,32.0,86,90,8.05
77,Mayor Pablo Lagerenza,PY,2021-04-02 17:38:26,-19.9309,-60.7718,82.27,41,95,6.11
78,Bluff,NZ,2021-04-02 17:38:26,-46.6,168.3333,46.99,85,53,4.0
79,Curaca,BR,2021-04-02 17:38:27,-8.9903,-39.9094,97.84,22,41,13.42
80,Rivera,UY,2021-04-02 17:38:27,-30.9053,-55.5508,73.54,54,99,10.42
81,Japura,ID,2021-04-02 17:38:28,-0.3167,102.35,76.23,87,98,3.02
82,Bredasdorp,ZA,2021-04-02 17:38:28,-34.5322,20.0403,59.0,72,82,4.61
83,Avarua,CK,2021-04-02 17:38:29,-21.2078,-159.775,78.8,83,20,5.75
84,Tiksi,RU,2021-04-02 17:38:29,71.6872,128.8694,-17.07,100,100,7.31
85,Pevek,RU,2021-04-02 17:38:29,69.7008,170.3133,-20.06,96,12,3.62
86,New Norfolk,AU,2021-04-02 17:38:30,-42.7826,147.0587,62.6,67,14,17.27
87,Bima,ID,2021-04-02 17:38:30,-8.4667,118.7167,74.73,96,100,1.95
88,Constitucion,CL,2021-04-02 17:36:12,-35.3333,-72.4167,66.06,63,14,10.87
89,Gizo,SB,2021-04-02 17:38:31,-8.103,156.8419,82.08,75,99,1.16
90,Balabac,PH,2021-04-02 17:38:31,7.9868,117.0645,79.16,80,99,5.75
91,Ola,RU,2021-04-02 17:38:31,59.5833,151.2833,-0.11,87,5,7.4
92,Katsuura,JP,2021-04-02 17:38:31,35.1333,140.3,59.0,77,75,6.91
93,Opuwo,NA,2021-04-02 17:38:32,-18.0607,13.84,75.63,58,96,8.79
94,Tuktoyaktuk,CA,2021-04-02 17:38:32,69.4541,-133.0374,-23.8,76,75,3.44
95,General Roca,AR,2021-04-02 17:38:33,-39.0333,-67.5833,77.0,50,0,3.44
96,Cururupu,BR,2021-04-02 17:35:24,-1.8283,-44.8683,84.63,67,94,5.01
97,Barrow,US,2021-04-02 17:38:33,71.2906,-156.7887,-20.2,76,90,5.75
98,Wageningen,NL,2021-04-02 17:38:33,51.9667,5.6667,46.0,70,75,11.5
99,Lichinga,MZ,2021-04-02 17:38:34,-13.3128,35.2406,68.0,77,40,3.44
100,Umirim,BR,2021-04-02 17:38:34,-3.6772,-39.3503,82.99,74,5,24.0
101,Pochutla,MX,2021-04-02 17:38:34,15.7432,-96.4661,93.0,52,1,11.5
102,Geraldton,AU,2021-04-02 17:38:35,-28.7667,114.6,73.4,88,90,9.22
103,Ancud,CL,2021-04-02 17:38:35,-41.8697,-73.8203,59.0,82,90,5.75
104,Vanimo,PG,2021-04-02 17:38:36,-2.6741,141.3028,76.28,91,100,5.57
105,Tevaitoa,PF,2021-04-02 17:38:36,-16.7833,-151.5,80.98,73,1,3.29
106,Ambon,ID,2021-04-02 17:38:36,-3.6954,128.1814,75.2,100,40,6.91
107,Tokur,RU,2021-04-02 17:38:37,53.1333,132.9,28.9,98,100,7.29
108,Torbay,CA,2021-04-02 17:38:37,47.6666,-52.7314,45.0,81,75,9.22
109,Los Barrios,ES,2021-04-02 17:38:38,36.1848,-5.4921,68.0,60,20,12.66
110,Sola,VU,2021-04-02 17:38:38,-13.8833,167.55,82.13,75,97,8.88
111,Boa Vista,BR,2021-04-02 17:38:38,2.8197,-60.6733,89.6,48,75,10.36
112,Khasan,RU,2021-04-02 17:38:39,42.4308,130.6434,42.4,86,100,3.96
113,Cap Malheureux,MU,2021-04-02 17:38:39,-19.9842,57.6142,78.01,83,9,16.06
114,Jamestown,US,2021-04-02 17:38:14,42.097,-79.2353,33.01,40,1,12.66
115,Mukhen,RU,2021-04-02 17:38:40,48.1,136.1,45.05,73,100,16.46
116,Mbaiki,CF,2021-04-02 17:38:41,3.8678,17.9892,79.38,54,74,3.69
117,Vangaindrano,MG,2021-04-02 17:38:41,-23.35,47.6,74.44,68,60,4.34
118,Qaanaaq,GL,2021-04-02 17:38:42,77.484,-69.3632,-13.23,71,100,13.71
119,Sept-Iles,CA,2021-04-02 17:38:42,50.2001,-66.3821,30.99,69,90,4.61
120,Cabo San Lucas,MX,2021-04-02 17:38:00,22.8909,-109.9124,88.0,26,20,6.91
121,Edson,CA,2021-04-02 17:38:43,53.5835,-116.4356,30.2,86,90,6.91
122,Kindu,CD,2021-04-02 17:38:43,-2.95,25.95,74.62,87,77,2.06
123,Sobolevo,RU,2021-04-02 17:38:44,54.4299,31.8996,37.47,71,68,6.53
124,Ulladulla,AU,2021-04-02 17:38:44,-35.35,150.4667,59.0,94,10,8.05
125,La Rioja,ES,2021-04-02 17:38:45,42.25,-2.5,71.6,30,0,10.36
126,Ludza,LV,2021-04-02 17:38:45,56.55,27.7167,36.18,85,100,4.43
127,Coihaique,CL,2021-04-02 17:38:45,-45.5752,-72.0662,60.8,67,75,11.5
128,Soma,TR,2021-04-02 17:38:45,39.1855,27.6094,59.0,51,0,9.22
129,Carnarvon,AU,2021-04-02 17:38:46,-24.8667,113.6333,78.8,94,12,14.97
130,Bengkulu,ID,2021-04-02 17:38:46,-3.8004,102.2655,76.55,89,97,9.15
131,Puerto Escondido,MX,2021-04-02 17:38:46,15.85,-97.0667,86.0,74,1,7.99
132,Nome,US,2021-04-02 17:38:47,64.5011,-165.4064,8.6,78,90,27.63
133,Berbera,SO,2021-04-02 17:38:47,10.4396,45.0143,79.16,66,2,2.3
134,Dukat,RU,2021-04-02 17:38:47,62.55,155.55,-12.62,99,96,5.53
135,Vestmanna,FO,2021-04-02 17:38:48,62.1564,-7.1664,44.6,76,75,13.8
136,Mountain Home,US,2021-04-02 17:38:48,43.133,-115.6912,59.0,23,1,6.91
137,Apatou,GF,2021-04-02 17:38:49,5.155,-54.3472,84.92,64,95,5.03
138,Rio Gallegos,AR,2021-04-02 17:38:49,-51.6226,-69.2181,59.0,38,0,13.8
139,Mogadishu,SO,2021-04-02 17:34:20,2.0371,45.3438,82.22,78,18,14.83
140,Bambous Virieux,MU,2021-04-02 17:38:49,-20.3428,57.7575,78.8,94,40,5.75
141,Hasaki,JP,2021-04-02 17:38:50,35.7333,140.8333,53.6,82,75,4.61
142,Kavieng,PG,2021-04-02 17:38:50,-2.5744,150.7967,82.2,79,100,8.01
143,Hithadhoo,MV,2021-04-02 17:38:50,-0.6,73.0833,83.53,77,22,20.04
144,Teguldet,RU,2021-04-02 17:38:51,57.3064,88.1667,28.33,93,100,11.1
145,Isangel,VU,2021-04-02 17:34:08,-19.55,169.2667,78.46,87,97,5.26
146,Lorengau,PG,2021-04-02 17:38:51,-2.0226,147.2712,81.03,77,98,4.36
147,Port Lincoln,AU,2021-04-02 17:38:52,-34.7333,135.8667,69.31,53,0,6.44
148,Konevo,RU,2021-04-02 17:38:52,62.1215,39.3192,29.77,97,99,1.83
149,Ballina,AU,2021-04-02 17:38:53,-28.8667,153.5667,71.6,60,90,12.66
150,Jacobina,BR,2021-04-02 17:38:53,-11.1806,-40.5183,93.88,28,49,7.56
151,Senador Jose Porfirio,BR,2021-04-02 17:38:53,-2.5908,-51.9542,77.36,84,100,2.86
152,Road Town,VG,2021-04-02 17:38:54,18.4167,-64.6167,82.4,57,20,18.41
153,Nuevo Progreso,MX,2021-04-02 17:38:54,23.1667,-97.95,71.01,60,100,3.0
154,Roanoke,US,2021-04-02 17:36:32,37.271,-79.9414,44.01,30,20,14.97
155,Pacific Grove,US,2021-04-02 17:34:03,36.6177,-121.9166,57.0,71,40,12.66
156,Norman Wells,CA,2021-04-02 17:38:54,65.282,-126.8329,-0.4,71,75,8.05
157,Itarema,BR,2021-04-02 17:38:55,-2.9248,-39.9167,85.64,62,17,12.86
158,San Cristobal,VE,2021-04-02 17:38:55,7.7669,-72.225,82.4,57,75,17.27
159,Guerrero Negro,MX,2021-04-02 17:38:56,27.9769,-114.0611,66.65,55,16,14.38
160,Lavrentiya,RU,2021-04-02 17:38:56,65.5833,-171.0,8.02,94,100,15.3
161,Soure,BR,2021-04-02 17:38:57,-0.7167,-48.5233,81.59,76,56,0.34
162,Bay Roberts,CA,2021-04-02 17:38:57,47.5999,-53.2648,55.0,81,75,9.22
163,Santa Helena De Goias,BR,2021-04-02 17:38:57,-17.8136,-50.5969,90.72,36,57,2.06
164,Bereda,ES,2021-04-02 17:38:58,43.2686,-7.5406,64.0,73,74,10.0
165,Langsa,ID,2021-04-02 17:38:58,4.4683,97.9683,75.42,90,70,1.68
166,Lagoa,PT,2021-04-02 17:38:59,39.05,-27.9833,60.39,82,100,20.29
167,Saldanha,ZA,2021-04-02 17:38:59,-33.0117,17.9442,68.0,56,58,8.05
168,Cherskiy,RU,2021-04-02 17:38:59,68.75,161.3,-18.85,93,50,6.8
169,Sisimiut,GL,2021-04-02 17:39:00,66.9395,-53.6735,12.2,73,100,6.42
170,Chardara,KZ,2021-04-02 17:39:00,41.2547,67.9692,47.86,37,2,7.87
171,Bontang,ID,2021-04-02 17:39:01,0.1333,117.5,78.57,87,100,2.77
172,Kruisfontein,ZA,2021-04-02 17:39:01,-34.0033,24.7314,61.0,88,73,1.99
173,Lompoc,US,2021-04-02 17:39:01,34.6391,-120.4579,63.0,82,3,6.91
174,Adrar,MR,2021-04-02 17:39:02,20.5022,-10.0711,97.39,4,31,6.91
175,Ahipara,NZ,2021-04-02 17:39:02,-35.1667,173.1667,63.75,82,55,11.25
176,Chokurdakh,RU,2021-04-02 17:39:02,70.6333,147.9167,-5.46,99,100,3.94
177,Severo-Yeniseyskiy,RU,2021-04-02 17:39:03,60.3725,93.0408,24.21,94,100,10.56
178,Chicama,PE,2021-04-02 17:39:03,-7.8447,-79.1469,69.8,83,40,10.36
179,Barillas,GT,2021-04-02 17:39:03,15.8036,-91.3158,69.8,52,75,2.62
180,Mocuba,MZ,2021-04-02 17:39:04,-16.8392,36.9856,70.03,88,32,3.38
181,Cedar City,US,2021-04-02 17:39:04,37.6775,-113.0619,69.01,19,1,3.44
182,Piacabucu,BR,2021-04-02 17:39:05,-10.4056,-36.4344,85.35,56,25,13.18
183,Lufilufi,WS,2021-04-02 17:39:05,-13.8745,-171.5986,75.2,94,40,14.05
184,Broome,US,2021-04-02 17:39:05,42.2506,-75.833,33.01,46,40,14.97
185,Keetmanshoop,NA,2021-04-02 17:39:06,-26.5833,18.1333,86.0,26,20,4.61
186,Berlevag,NO,2021-04-02 17:39:06,70.8578,29.0864,28.92,79,81,3.22
187,Orocue,CO,2021-04-02 17:39:07,4.7912,-71.3354,82.94,62,100,2.71
188,Porto Walter,BR,2021-04-02 17:39:07,-8.2686,-72.7439,88.23,58,52,5.1
189,Ust-Tsilma,RU,2021-04-02 17:39:07,65.441,52.1498,21.42,96,87,3.53
190,Bikin,RU,2021-04-02 17:39:08,46.8161,134.26,42.62,72,100,13.67
191,Touros,BR,2021-04-02 17:39:08,-5.1989,-35.4608,87.8,58,40,12.66
192,Iwanai,JP,2021-04-02 17:39:08,42.9744,140.5089,39.25,70,100,8.79
193,Togur,RU,2021-04-02 17:39:08,58.3631,82.8265,30.6,92,100,11.97
194,Salalah,OM,2021-04-02 17:39:09,17.0151,54.0924,82.4,83,0,4.61
195,Kargasok,RU,2021-04-02 17:39:09,59.0556,80.8572,32.14,97,100,12.55
196,Orange Cove,US,2021-04-02 17:39:10,36.6244,-119.3137,73.0,33,0,4.0
197,Machilipatnam,IN,2021-04-02 17:39:10,16.1667,81.1333,86.0,89,67,5.61
198,Bethel,US,2021-04-02 17:39:11,41.3712,-73.414,32.0,37,90,8.05
199,Bubaque,GW,2021-04-02 17:39:11,11.2833,-15.8333,75.92,74,3,12.59
200,Sao Filipe,CV,2021-04-02 17:39:11,14.8961,-24.4956,75.51,65,3,9.66
201,Motala,SE,2021-04-02 17:39:12,58.5371,15.0365,44.6,39,90,9.22
202,Bandar-E Lengeh,IR,2021-04-02 17:39:12,26.5579,54.8807,78.8,61,0,9.22
203,Vestmannaeyjar,IS,2021-04-02 17:39:12,63.4427,-20.2734,41.0,81,75,13.8
204,Salinopolis,BR,2021-04-02 17:39:13,-0.6136,-47.3561,81.79,74,47,2.89
205,Bonthe,SL,2021-04-02 17:39:13,7.5264,-12.505,82.96,73,62,12.46
206,Anadyr,RU,2021-04-02 17:39:13,64.75,177.4833,6.8,85,75,22.37
207,Anshun,CN,2021-04-02 17:39:14,26.25,105.9333,53.62,82,77,9.26
208,Osoyoos,CA,2021-04-02 17:39:14,49.0331,-119.4524,46.4,46,73,3.44
209,Srednekolymsk,RU,2021-04-02 17:39:14,67.45,153.6833,-27.33,100,55,3.0
210,Oranjestad,AW,2021-04-02 17:39:15,12.524,-70.027,86.0,62,40,23.02
211,Acapulco,MX,2021-04-02 17:39:15,16.8634,-99.8901,87.8,58,1,3.44
212,Kyakhta,RU,2021-04-02 17:39:15,50.3508,106.4494,28.65,48,18,3.53
213,Venado Tuerto,AR,2021-04-02 17:39:16,-33.7456,-61.9688,82.99,20,8,8.99
214,Bodden Town,KY,2021-04-02 17:37:50,19.2833,-81.25,84.2,65,20,11.5
215,Namibe,AO,2021-04-02 17:39:16,-15.1961,12.1522,78.06,78,50,14.27
216,Lebu,CL,2021-04-02 17:39:16,-37.6167,-73.65,59.76,79,34,15.48
217,Sao Joao Da Barra,BR,2021-04-02 17:35:55,-21.6403,-41.0511,87.8,45,20,2.3
218,Cidreira,BR,2021-04-02 17:39:17,-30.1811,-50.2056,71.83,72,85,12.97
219,Provideniya,RU,2021-04-02 17:39:17,64.3833,-173.3,10.4,93,100,16.17
220,Yellowknife,CA,2021-04-02 17:35:01,62.456,-114.3525,8.01,78,90,6.91
221,Vierzon,FR,2021-04-02 17:39:18,47.2101,2.0625,60.8,29,0,11.5
222,Makakilo City,US,2021-04-02 17:39:18,21.3469,-158.0858,71.6,77,1,3.44
223,Fare,PF,2021-04-02 17:39:19,-16.7,-151.0167,81.45,71,0,2.89
224,Kodiak,US,2021-04-02 17:39:19,57.79,-152.4072,32.0,34,1,4.61
225,Santa Rosa,PH,2021-04-02 17:39:19,14.3122,121.1114,80.6,69,20,8.05
226,Kangaatsiaq,GL,2021-04-02 17:39:20,68.3065,-53.4641,9.55,70,99,16.69
227,Clarence Town,AU,2021-04-02 17:39:20,-32.5833,151.7833,59.0,100,3,1.77
228,Yerofey Pavlovich,RU,2021-04-02 17:39:20,53.9667,121.9667,14.25,51,2,8.28
229,Tres Arroyos,AR,2021-04-02 17:39:21,-38.3739,-60.2798,74.46,37,34,10.45
230,Khatanga,RU,2021-04-02 17:39:21,71.9667,102.5,-31.85,98,5,4.94
231,Victoria Point,AU,2021-04-02 17:39:21,-27.5833,153.3,72.0,68,99,8.99
232,Upernavik,GL,2021-04-02 17:39:22,72.7868,-56.1549,-9.54,87,100,14.18
233,Clemencia,CO,2021-04-02 17:39:22,10.5665,-75.325,87.8,66,75,16.11
234,Dikson,RU,2021-04-02 17:39:22,73.5069,80.5464,-7.8,81,100,5.73
235,Nelson Bay,AU,2021-04-02 17:39:23,-32.7167,152.15,59.0,100,9,2.86
236,Rendsburg,DE,2021-04-02 17:39:23,54.3,9.6667,46.0,76,99,16.11
237,Rockport,US,2021-04-02 17:39:23,28.0206,-97.0544,71.6,46,20,16.11
238,Businga,CD,2021-04-02 17:39:24,3.3333,20.8833,72.09,93,83,1.68
239,Camacha,PT,2021-04-02 17:39:24,33.0833,-16.3333,64.4,63,75,10.36
240,Genhe,CN,2021-04-02 17:39:24,50.7833,121.5167,18.14,65,15,13.33
241,La Ronge,CA,2021-04-02 17:39:25,55.1001,-105.2842,39.2,48,40,18.41
242,Aklavik,CA,2021-04-02 17:39:25,68.2191,-135.0107,-16.6,76,100,2.3
243,Nikolskoye,RU,2021-04-02 17:39:25,59.7035,30.7861,37.0,86,40,6.71
244,Jaciara,BR,2021-04-02 17:39:26,-15.9653,-54.9683,92.21,41,68,1.9
245,Kudahuvadhoo,MV,2021-04-02 17:39:26,2.6708,72.8944,82.96,77,18,14.92
246,Kushiro,JP,2021-04-02 17:38:25,42.975,144.3747,36.88,88,100,7.07
247,Dalvik,IS,2021-04-02 17:39:27,65.9702,-18.5286,50.0,40,0,21.85
248,Aldan,RU,2021-04-02 17:39:27,58.6031,125.3894,-7.47,99,73,3.04
249,Chongwe,ZM,2021-04-02 17:39:28,-15.3292,28.682,62.8,84,11,3.83
250,Saint George,US,2021-04-02 17:37:32,37.1041,-113.5841,71.01,22,1,2.21
251,Nanchang,CN,2021-04-02 17:39:28,28.6833,115.8833,60.31,90,100,6.22
252,Paamiut,GL,2021-04-02 17:39:28,61.994,-49.6678,28.04,96,100,8.84
253,Bakel,SN,2021-04-02 17:39:28,14.905,-12.4568,107.19,4,8,6.53
254,Port Blair,IN,2021-04-02 17:39:29,11.6667,92.75,77.5,69,95,5.21
255,Terra Santa,BR,2021-04-02 17:39:29,-2.1042,-56.4869,83.3,79,95,4.54
256,Yumen,CN,2021-04-02 17:39:29,40.2833,97.2,43.18,20,100,19.82
257,Kasongo-Lunda,CD,2021-04-02 17:39:30,-6.4667,16.8167,74.7,89,96,0.34
258,Hobyo,SO,2021-04-02 17:39:30,5.3505,48.5268,82.85,72,36,12.64
259,Paita,PE,2021-04-02 17:39:30,-5.0892,-81.1144,87.8,48,0,14.97
260,Stephenville,US,2021-04-02 17:39:31,32.2207,-98.2023,64.4,25,1,12.66
261,Caracollo,PE,2021-04-02 17:39:31,-14.9165,-70.6603,55.24,49,100,2.98
262,Esperance,AU,2021-04-02 17:39:31,-33.8667,121.9,66.2,94,90,6.91
263,Ampanihy,MG,2021-04-02 17:39:32,-24.7,44.75,73.08,71,1,10.07
264,Pizarro,CO,2021-04-02 17:39:32,4.9533,-77.366,82.26,75,69,6.58
265,Carrickfergus,GB,2021-04-02 17:39:32,54.7158,-5.8058,48.99,71,75,11.5
266,Muhos,FI,2021-04-02 17:39:32,64.808,25.9931,36.0,80,0,6.91
267,Hami,CN,2021-04-02 17:39:33,42.8,93.45,50.54,16,3,11.34
268,Belmonte,BR,2021-04-02 17:39:33,-15.8631,-38.8828,87.8,70,20,12.66
269,Mumbwa,ZM,2021-04-02 17:39:33,-14.9783,27.0619,67.91,72,32,4.25
270,Yulara,AU,2021-04-02 17:39:34,-25.2406,130.9889,66.2,45,0,8.05
271,Lata,PT,2021-04-02 17:39:34,40.1629,-8.3327,66.0,83,90,1.01
272,Ossora,RU,2021-04-02 17:39:34,59.2353,163.0719,5.58,85,95,6.2
273,Suntar,RU,2021-04-02 17:39:35,62.1444,117.6319,-15.2,98,62,2.8
274,Bandarbeyla,SO,2021-04-02 17:39:35,9.4942,50.8122,79.38,70,2,5.03
275,Haines Junction,CA,2021-04-02 17:39:35,60.7522,-137.5108,17.6,57,98,3.44
276,Bathsheba,BB,2021-04-02 17:39:35,13.2167,-59.5167,84.2,48,20,18.41
277,Dekar,BW,2021-04-02 17:39:36,-21.5333,21.9333,75.13,32,65,6.51
278,Muros,ES,2021-04-02 17:39:36,42.7762,-9.0603,61.0,86,97,8.81
279,Cajamarca,PE,2021-04-02 17:39:36,-7.1638,-78.5003,69.8,56,40,3.44
280,Nouadhibou,MR,2021-04-02 17:39:37,20.931,-17.0347,75.2,60,77,17.27
281,Portland,US,2021-04-02 17:37:49,45.5234,-122.6762,52.0,71,1,4.61
282,Marsh Harbour,BS,2021-04-02 17:39:37,26.5412,-77.0636,68.29,65,100,25.61
283,Kiunga,PG,2021-04-02 17:39:38,-6.1219,141.2906,72.95,98,100,2.3
284,Clyde River,CA,2021-04-02 17:39:38,70.4692,-68.5914,-9.4,77,1,17.27
285,Ribeira Grande,PT,2021-04-02 17:39:38,38.5167,-28.7,60.8,88,75,18.41
286,Vardo,NO,2021-04-02 17:39:39,70.3705,31.1107,32.07,72,97,3.76
287,Kousseri,CM,2021-04-02 17:39:39,12.0769,15.0306,91.4,7,26,12.66
288,Tremedal,BR,2021-04-02 17:39:39,-14.9758,-41.4108,91.33,34,57,5.03
289,Yomou,GN,2021-04-02 17:39:40,7.5603,-9.2653,88.92,38,19,4.14
290,Yaan,NG,2021-04-02 17:39:40,7.3833,8.5667,93.16,11,35,3.76
291,Peleduy,RU,2021-04-02 17:39:41,59.6289,112.7406,4.64,98,98,1.72
292,Republic,US,2021-04-02 17:35:39,37.12,-93.4802,55.0,35,1,13.8
293,Newnan,US,2021-04-02 17:39:41,33.3807,-84.7997,53.01,22,1,6.91
294,Lasa,IT,2021-04-02 17:39:42,46.6166,10.7002,75.2,47,0,4.61
295,East London,ZA,2021-04-02 17:38:27,-33.0153,27.9116,60.8,94,90,11.5
296,Kingsport,US,2021-04-02 17:37:01,36.5484,-82.5618,44.01,28,1,9.22
297,Warri,NG,2021-04-02 17:39:42,5.5167,5.75,82.85,70,46,9.42
298,Amantea,IT,2021-04-02 17:39:43,39.1332,16.0746,59.0,82,1,2.3
299,Karratha,AU,2021-04-02 17:39:43,-20.7377,116.8463,81.84,48,0,8.79
300,Harper,LR,2021-04-02 17:39:43,4.375,-7.7169,81.72,79,59,7.38
301,Potiskum,NG,2021-04-02 17:39:44,11.7091,11.0694,83.5,10,50,11.5
302,Mfou,CM,2021-04-02 17:39:44,3.7159,11.6427,75.2,94,20,3.69
303,Port Hope,US,2021-04-02 17:39:44,43.9408,-82.7127,35.6,60,5,5.75
304,Andros Town,BS,2021-04-02 17:39:45,24.7,-77.7667,73.4,64,75,17.27
305,Enzan,JP,2021-04-02 17:39:45,35.7,138.7333,55.0,88,53,2.89
306,Usakos,NA,2021-04-02 17:39:45,-22.0,15.6,81.97,42,77,3.06
307,Poum,NC,2021-04-02 17:39:46,-20.2333,164.0167,77.09,89,100,12.08
308,Sibiti,CG,2021-04-02 17:39:46,-3.6819,13.3499,71.87,94,93,1.7
309,Aransas Pass,US,2021-04-02 17:39:46,27.9095,-97.15,69.01,49,1,16.11
310,Vavuniya,LK,2021-04-02 17:39:47,8.7514,80.4971,79.27,72,51,7.29
311,Bintulu,MY,2021-04-02 17:39:47,3.1667,113.0333,77.0,88,20,2.98
312,Medianeira,BR,2021-04-02 17:39:47,-25.2953,-54.0939,84.2,42,40,8.05
313,Beyneu,KZ,2021-04-02 17:39:47,45.3167,55.2,55.09,29,72,22.26
314,Kismayo,SO,2021-04-02 17:39:48,-0.3582,42.5454,82.38,81,49,10.25
315,North Bend,US,2021-04-02 17:39:48,43.4065,-124.2243,55.0,76,20,5.75
316,Okha,RU,2021-04-02 17:38:22,53.5739,142.9478,30.6,89,100,19.19
317,Tombouctou,ML,2021-04-02 17:39:48,20.0,-3.0,93.56,6,1,10.71
318,Homer,US,2021-04-02 17:39:49,59.6425,-151.5483,23.0,74,1,4.61
319,Djibo,BF,2021-04-02 17:39:49,14.1022,-1.6306,92.75,6,3,9.78
320,Linden,GY,2021-04-02 17:36:46,6.0,-58.3,87.8,55,75,13.8
321,Novyy Urengoy,RU,2021-04-02 17:39:50,66.0833,76.6333,23.85,97,100,6.62
322,Tagusao,PH,2021-04-02 17:39:50,9.1924,117.8141,78.03,86,87,1.43
323,Pangnirtung,CA,2021-04-02 17:39:51,66.1451,-65.7125,-13.0,58,1,3.44
324,Longyearbyen,SJ,2021-04-02 17:39:51,78.2186,15.6401,21.2,79,75,9.22
325,Blagoyevo,RU,2021-04-02 17:39:52,63.3667,47.9167,25.65,98,96,1.19
326,Agadez,NE,2021-04-02 17:39:52,19.75,10.25,76.68,10,1,8.97
327,Port Augusta,AU,2021-04-02 17:39:52,-32.5,137.7667,68.0,48,0,4.61
328,Severo-Kurilsk,RU,2021-04-02 17:39:53,50.6789,156.125,28.08,83,59,16.28
329,Chara,RU,2021-04-02 17:39:53,56.9064,118.2631,-6.88,66,12,2.21
330,Jibuti,DJ,2021-04-02 17:39:53,11.5,42.5,84.2,51,1,11.52
331,Jacobabad,PK,2021-04-02 17:39:54,28.281,68.4388,88.83,10,0,13.49
332,Taoudenni,ML,2021-04-02 17:39:54,22.6783,-3.9836,98.85,6,7,6.62
333,Ozernovskiy,RU,2021-04-02 17:39:55,51.5,156.5167,28.8,81,88,13.8
334,Sal Rei,CV,2021-04-02 17:39:55,16.1833,-22.9167,73.4,73,20,23.02
335,Pangoa,PE,2021-04-02 17:39:55,-12.1167,-73.0,83.46,55,91,4.99
336,Wahiawa,US,2021-04-02 17:39:55,21.5028,-158.0236,73.0,88,1,3.44
337,Husavik,IS,2021-04-02 17:39:56,66.0449,-17.3389,50.0,40,0,21.85
338,Phonhong,LA,2021-04-02 17:39:56,18.5007,102.4166,83.21,56,74,2.59
339,Robertsport,LR,2021-04-02 17:39:57,6.7533,-11.3686,81.57,80,35,11.32
340,Aksarka,RU,2021-04-02 17:39:57,66.5606,67.7975,26.91,98,100,4.09
341,Saint-Augustin,CA,2021-04-02 17:39:57,51.226,-58.6502,38.1,99,100,10.63
342,Conde,BR,2021-04-02 17:39:58,-7.2597,-34.9075,87.8,55,0,11.5
343,Hirara,JP,2021-04-02 17:39:58,24.8,125.2833,75.69,89,11,4.21
344,Baghdad,IQ,2021-04-02 17:36:51,33.3406,44.4009,73.4,25,0,11.5
345,Mastic Beach,US,2021-04-02 17:39:59,40.7668,-72.8521,36.0,35,75,16.11
346,Chapais,CA,2021-04-02 17:39:59,49.7834,-74.8492,21.2,33,20,19.57
347,Luderitz,NA,2021-04-02 17:40:00,-26.6481,15.1594,70.27,52,0,17.81
348,Karoi,ZW,2021-04-02 17:40:00,-16.8099,29.6925,62.1,81,11,3.67
349,Bougouni,ML,2021-04-02 17:40:00,11.417,-7.479,100.45,4,24,8.46
350,Erenhot,CN,2021-04-02 17:40:01,43.6475,111.9767,34.03,44,79,10.58
351,Fortuna,US,2021-04-02 17:40:01,40.5982,-124.1573,57.0,87,1,4.65
352,Savinka,RU,2021-04-02 17:40:01,50.0785,47.0994,44.02,76,100,8.21
353,Krasnoselkup,RU,2021-04-02 17:40:02,65.7,82.4667,12.52,95,96,8.43
354,Oktyabrskoye,RU,2021-04-02 17:40:02,43.0645,44.7417,51.01,81,75,11.18
355,Tura,IN,2021-04-02 17:40:03,25.5198,90.2201,71.64,28,0,5.12
356,Pocatello,US,2021-04-02 17:35:22,42.8713,-112.4455,62.01,21,1,10.36
357,Mount Gambier,AU,2021-04-02 17:40:03,-37.8333,140.7667,60.8,55,0,10.36
358,Faanui,PF,2021-04-02 17:40:04,-16.4833,-151.75,81.21,71,0,3.42
359,Kokkola,FI,2021-04-02 17:40:04,63.8385,23.1307,35.6,80,0,3.44
360,Pombas,CV,2021-04-02 17:40:04,17.1503,-25.0201,75.2,64,20,32.21
361,Koumac,NC,2021-04-02 17:40:05,-20.5667,164.2833,75.18,93,100,9.13
362,Beausoleil,FR,2021-04-02 17:40:05,43.749,7.417,62.01,82,20,4.61
363,Aktau,KZ,2021-04-02 17:38:13,43.65,51.2,44.6,87,0,6.71
364,Araquari,BR,2021-04-02 17:40:06,-26.3703,-48.7211,82.99,57,40,11.5
365,Qingdao,CN,2021-04-02 17:40:06,36.0986,120.3719,51.8,93,75,8.95
366,Dingle,PH,2021-04-02 17:40:06,10.9995,122.6711,75.4,89,100,6.85
367,Halifax,CA,2021-04-02 17:39:54,44.6453,-63.5724,41.0,93,100,6.91
368,Latung,PH,2021-04-02 17:40:07,5.5,120.8833,81.79,79,100,8.12
369,Tsukuba,JP,2021-04-02 17:40:07,36.2,140.1,60.01,76,75,1.14
370,Ereymentau,KZ,2021-04-02 17:40:07,51.6199,73.1033,21.6,87,80,12.55
371,Amga,RU,2021-04-02 17:40:08,60.8953,131.9608,-1.03,91,100,5.35
372,Mount Isa,AU,2021-04-02 17:40:08,-20.7333,139.5,73.4,38,0,6.91
373,Verkhnevilyuysk,RU,2021-04-02 17:40:08,63.4453,120.3167,-7.76,96,86,7.47
374,Mayo,US,2021-04-02 17:40:09,38.8876,-76.5119,43.0,38,1,20.71
375,Tigil,RU,2021-04-02 17:40:09,57.8,158.6667,1.96,98,42,5.12
376,Okato,NZ,2021-04-02 17:40:09,-39.2,173.8833,51.01,74,36,13.0
377,Staroutkinsk,RU,2021-04-02 17:40:10,57.2302,59.3348,34.21,97,100,10.6
378,Bilma,NE,2021-04-02 17:40:10,18.6853,12.9164,78.57,9,0,6.93
379,Mandalgovi,MN,2021-04-02 17:40:11,45.7625,106.2708,30.85,30,12,7.38
380,Strezhevoy,RU,2021-04-02 17:40:11,60.7333,77.5889,33.8,93,90,8.95
381,Banda Aceh,ID,2021-04-02 17:40:11,5.5577,95.3222,80.11,80,100,11.81
382,Mersing,MY,2021-04-02 17:40:12,2.4312,103.8405,77.0,94,66,9.22
383,Horsham,GB,2021-04-02 17:40:12,51.064,-0.3272,51.01,61,20,16.11
384,Sokoto,NG,2021-04-02 17:40:13,13.0609,5.239,88.41,7,7,9.42
385,Zhezkazgan,KZ,2021-04-02 17:40:13,47.8043,67.7144,27.63,74,3,10.58
386,Patnagarh,IN,2021-04-02 17:40:13,20.7167,83.15,83.82,8,0,1.05
387,Marshfield,US,2021-04-02 17:40:14,44.6689,-90.1718,46.99,29,1,20.71
388,Sao Felix Do Xingu,BR,2021-04-02 17:40:14,-6.6447,-51.995,82.13,75,99,3.78
389,Bilibino,RU,2021-04-02 17:40:15,68.0546,166.4372,-10.23,89,100,7.23
390,Mapiripan,CO,2021-04-02 17:40:16,2.8892,-72.1256,81.91,79,98,5.7
391,Shieli,KZ,2021-04-02 17:40:16,44.1667,66.75,45.48,44,9,8.52
392,Bibbiena,IT,2021-04-02 17:40:16,43.6965,11.8135,68.0,34,0,9.22
393,Nshamba,TZ,2021-04-02 17:40:16,-1.7983,31.5511,73.4,83,20,2.19
394,Tilichiki,RU,2021-04-02 17:40:17,60.4667,166.1,1.04,95,94,4.25
395,Laguna,US,2021-04-02 17:40:17,38.421,-121.4238,70.0,42,1,3.44
396,Viedma,AR,2021-04-02 17:36:03,-40.8135,-62.9967,79.54,31,56,13.76
397,Mana,GF,2021-04-02 17:40:18,5.6592,-53.7767,80.98,78,97,8.43
398,Moron,AR,2021-04-02 17:40:18,-34.6534,-58.6198,77.0,48,82,5.01
399,Hokitika,NZ,2021-04-02 17:40:18,-42.7167,170.9667,50.63,79,11,6.55
400,Kahului,US,2021-04-02 17:38:03,20.8947,-156.47,69.8,94,40,10.36
401,Bairnsdale,AU,2021-04-02 17:40:19,-37.8333,147.6167,57.99,82,0,1.99
402,Nha Trang,VN,2021-04-02 17:40:19,12.25,109.1833,80.6,83,20,2.3
403,Brigantine,US,2021-04-02 17:40:20,39.4101,-74.3646,37.0,35,90,17.27
404,Marsa Matruh,EG,2021-04-02 17:40:20,31.3525,27.2453,60.8,59,0,11.5
405,Kaduy,RU,2021-04-02 17:40:20,59.2,37.15,33.8,75,40,2.24
406,Skelleftea,SE,2021-04-02 17:40:21,64.7507,20.9528,39.2,48,90,10.36
407,Beringovskiy,RU,2021-04-02 17:40:21,63.05,179.3167,9.41,88,97,13.09
408,Muroto,JP,2021-04-02 17:40:22,33.2833,134.15,63.95,72,90,19.98
409,Presidencia Roque Saenz Pena,AR,2021-04-02 17:40:22,-26.7852,-60.4388,82.0,44,0,1.99
410,Malakal,SS,2021-04-02 17:40:22,9.5334,31.6605,91.89,14,42,5.37
411,Lernanist,AM,2021-04-02 17:40:23,40.4678,44.7924,55.4,33,20,3.44
412,Morondava,MG,2021-04-02 17:40:23,-20.2833,44.2833,80.87,79,26,8.93
413,Daru,PG,2021-04-02 17:40:23,-9.0763,143.2092,75.33,93,99,8.52
414,Ajdabiya,LY,2021-04-02 17:40:24,30.7554,20.2263,62.04,38,0,3.09
415,Maracaibo,VE,2021-04-02 17:40:24,10.6317,-71.6406,88.54,54,73,1.74
416,Bonnyville,CA,2021-04-02 17:40:25,54.2668,-110.735,41.0,36,20,11.5
417,Kasungu,MW,2021-04-02 17:40:25,-13.0333,33.4833,62.8,96,27,4.92
418,Montepuez,MZ,2021-04-02 17:40:26,-13.1256,38.9997,68.4,96,74,3.74
419,Mackenzie,CA,2021-04-02 17:40:26,55.2999,-123.1698,33.8,64,90,6.91
420,Kroya,ID,2021-04-02 17:40:26,-7.6331,109.2461,78.35,84,93,4.12
421,Visnes,NO,2021-04-02 17:40:27,59.3556,5.2242,42.8,65,10,34.52
422,Omsukchan,RU,2021-04-02 17:40:27,62.5333,155.8,-12.95,99,84,5.77
423,Nishihara,JP,2021-04-02 17:40:27,26.1842,127.7558,71.6,94,20,3.44
424,Matara,LK,2021-04-02 17:40:27,5.9485,80.5353,79.99,87,37,9.86
425,Half Moon Bay,US,2021-04-02 17:40:28,37.4636,-122.4286,62.01,67,1,6.31
426,Nanortalik,GL,2021-04-02 17:40:28,60.1432,-45.2371,35.87,99,100,2.06
427,San Carlos De Bariloche,AR,2021-04-02 17:40:28,-41.1456,-71.3082,72.0,51,40,3.44
428,Steenwijk,NL,2021-04-02 17:40:28,52.7875,6.1208,45.0,79,66,3.0
429,Oistins,BB,2021-04-02 17:40:29,13.0667,-59.5333,84.2,48,20,18.41
430,Pallipattu,IN,2021-04-02 17:40:29,13.3386,79.4449,81.32,66,4,1.99
431,Klaksvik,FO,2021-04-02 17:40:30,62.2266,-6.589,44.6,76,75,13.8
432,Trairi,BR,2021-04-02 17:40:30,-3.2778,-39.2689,86.09,60,24,11.43
433,Jalu,LY,2021-04-02 17:40:30,29.0331,21.5482,66.22,23,0,5.82
434,Zyryanka,RU,2021-04-02 17:40:30,65.75,150.85,-17.12,99,77,7.38
435,Waddan,LY,2021-04-02 17:38:21,29.1614,16.139,72.12,21,0,7.38
436,Hovd,MN,2021-04-02 17:40:31,48.0056,91.6419,28.71,35,16,2.8
437,Saint Anthony,US,2021-04-02 17:37:13,45.0205,-93.218,54.0,24,1,19.57
438,Governador Valadares,BR,2021-04-02 17:40:32,-18.8511,-41.9494,83.37,64,89,2.01
439,Ambulu,ID,2021-04-02 17:40:32,-8.345,113.6058,75.79,89,67,2.77
440,Saint-Pierre,RE,2021-04-02 17:40:32,-21.3393,55.4781,77.0,83,75,16.11
441,Umm Kaddadah,SD,2021-04-02 17:40:33,13.6017,26.6876,78.94,12,16,12.5
442,Hong Gai,VN,2021-04-02 17:40:33,20.956,107.0946,78.8,89,75,5.75
443,Derzhavinsk,KZ,2021-04-02 17:40:33,51.1,66.3167,23.63,96,23,8.99
444,Tazovskiy,RU,2021-04-02 17:40:34,67.4667,78.7,13.84,94,100,12.57
445,Sukhobezvodnoye,RU,2021-04-02 17:40:34,57.0491,44.8891,31.84,99,100,5.91
446,Asau,RO,2021-04-02 17:40:34,46.4333,26.4,44.01,64,99,4.65
447,Grand-Lahou,CI,2021-04-02 17:40:35,5.1367,-5.0242,81.79,80,58,9.04
448,Caibarien,CU,2021-04-02 17:40:35,22.5206,-79.4669,73.4,88,75,8.05
449,Kabinda,CD,2021-04-02 17:40:35,-6.1333,24.4833,69.89,90,79,3.76
450,Sitka,US,2021-04-02 17:40:36,57.0531,-135.33,33.8,93,90,5.75
451,Yining,CN,2021-04-02 17:40:36,29.0361,114.5636,57.76,95,98,3.15
452,Batticaloa,LK,2021-04-02 17:40:36,7.7102,81.6924,80.94,82,56,5.3
453,Meulaboh,ID,2021-04-02 17:40:38,4.1363,96.1285,76.1,86,100,6.53
454,Sinnamary,GF,2021-04-02 17:40:38,5.3833,-52.95,76.69,90,100,9.33
455,Bafoulabe,ML,2021-04-02 17:40:38,13.8065,-10.8321,106.79,4,5,8.46
456,Mercedes,AR,2021-04-02 17:40:39,-34.6515,-59.4307,77.0,55,45,3.0
457,Marrakesh,MA,2021-04-02 17:40:40,31.6315,-8.0083,80.6,29,20,5.75
458,Fernley,US,2021-04-02 17:40:40,39.608,-119.2518,66.99,16,7,1.99
459,Price,US,2021-04-02 17:40:41,39.5994,-110.8107,57.2,14,1,3.47
460,Ekhabi,RU,2021-04-02 17:40:42,53.5102,142.9671,30.43,89,100,18.84
461,Parati,BR,2021-04-02 17:40:42,-23.2178,-44.7131,84.2,45,40,4.61
462,Pflugerville,US,2021-04-02 17:39:15,30.4394,-97.62,68.0,27,1,13.8
463,Negrar,IT,2021-04-02 17:40:44,45.5288,10.938,73.4,31,0,2.3
464,Eyl,SO,2021-04-02 17:40:45,7.9803,49.8164,80.17,65,11,7.52
465,Torrington,US,2021-04-02 17:40:45,41.8007,-73.1212,30.0,54,90,16.11
466,Ambanja,MG,2021-04-02 17:40:46,-13.6833,48.45,76.24,89,39,2.75
467,Guarapari,BR,2021-04-02 17:40:47,-20.6667,-40.4975,78.8,73,20,10.36
468,Rosarito,MX,2021-04-02 17:40:47,32.3333,-117.0333,64.4,67,1,8.05
469,Ilulissat,GL,2021-04-02 17:40:48,69.2167,-51.1,10.4,56,20,6.91
470,Guia Lopes Da Laguna,BR,2021-04-02 17:40:49,-21.4578,-56.1142,91.98,32,86,5.41
471,Evensk,RU,2021-04-02 17:40:49,61.95,159.2333,10.08,79,100,7.11
472,Itaituba,BR,2021-04-02 17:40:49,-4.2761,-55.9836,87.8,66,40,8.05
473,Usak,TR,2021-04-02 17:40:50,38.5,29.4167,43.86,66,22,5.21
474,Progreso,MX,2021-04-02 17:40:50,21.2833,-89.6667,79.0,53,75,6.91
475,Savannah Bight,HN,2021-04-02 17:40:50,16.45,-85.85,82.0,84,15,8.99
476,Egvekinot,RU,2021-04-02 17:40:50,66.3167,-179.1667,-2.54,81,100,18.1
477,Gondar,ET,2021-04-02 17:40:51,12.6,37.4667,68.58,42,89,4.21
478,Kampene,CD,2021-04-02 17:40:51,-3.6,26.6667,71.01,95,78,0.89
479,Talnakh,RU,2021-04-02 17:40:51,69.4865,88.3972,-13.81,81,29,6.2
480,Amahai,ID,2021-04-02 17:40:52,-3.3333,128.9167,78.13,85,96,6.24
481,Kutum,SD,2021-04-02 17:40:52,14.2,24.6667,77.05,12,6,14.56
482,Blackwater,AU,2021-04-02 17:40:53,-23.5833,148.8833,66.65,74,10,17.58
483,Aanekoski,FI,2021-04-02 17:40:53,62.6946,25.818,37.0,93,75,4.61
484,Quatre Cocos,MU,2021-04-02 17:40:53,-20.2078,57.7625,78.8,94,40,5.75
485,Zhigansk,RU,2021-04-02 17:40:54,66.7697,123.3711,-4.9,99,100,4.16
486,Keti Bandar,PK,2021-04-02 17:40:54,24.1447,67.4497,83.19,56,1,12.06
487,Polovinnoye,RU,2021-04-02 17:40:54,54.7914,65.9864,28.6,86,47,14.58
488,Samarai,PG,2021-04-02 17:40:55,-10.6167,150.6667,80.37,80,100,4.27
489,Ucluelet,CA,2021-04-02 17:40:55,48.9329,-125.5528,45.0,75,90,4.61
490,Gua Musang,MY,2021-04-02 17:36:19,4.8823,101.9644,75.24,87,78,1.52
491,Tsabong,BW,2021-04-02 17:40:55,-26.0217,22.401,82.89,30,28,8.61
492,Igrim,RU,2021-04-02 17:40:56,63.1906,64.4162,27.27,92,77,6.69
493,Mikhaylovka,RU,2021-04-02 17:40:56,50.06,43.2379,46.99,44,34,3.0
494,Muroran,JP,2021-04-02 17:40:57,42.3172,140.9881,39.49,79,100,14.81
495,Songjianghe,CN,2021-04-02 17:40:57,42.1859,127.479,43.14,92,100,3.67
496,Emba,KZ,2021-04-02 17:40:58,48.8264,58.1442,36.16,76,100,16.78
497,Da Nang,VN,2021-04-02 17:39:22,16.0678,108.2208,78.8,94,20,2.3
498,Hambantota,LK,2021-04-02 17:40:58,6.1241,81.1185,80.58,85,33,17.0
499,Sri Aman,MY,2021-04-02 17:40:58,1.2376,111.4621,77.0,94,71,0.96
500,Brandon,US,2021-04-02 17:39:19,27.9378,-82.2859,69.01,42,1,9.22
501,Port-Gentil,GA,2021-04-02 17:40:59,-0.7193,8.7815,82.4,78,40,8.05
502,Dejen,ET,2021-04-02 17:41:00,10.1667,38.1333,68.0,22,29,4.0
503,Smidovich,RU,2021-04-02 17:41:00,48.6,133.8167,47.44,71,100,18.12
504,Manta,EC,2021-04-02 17:38:23,-0.95,-80.7333,84.2,74,20,8.05
505,Natal,BR,2021-04-02 17:37:55,-5.795,-35.2094,87.8,58,40,13.8
506,Sur,OM,2021-04-02 17:41:01,22.5667,59.5289,83.37,36,6,5.17
507,Atar,MR,2021-04-02 17:41:02,20.5169,-13.0499,103.69,4,42,1.5
508,Zalantun,CN,2021-04-02 17:41:02,48.0,122.7167,31.89,31,2,17.76
509,Kununurra,AU,2021-04-02 17:37:42,-15.7667,128.7333,73.4,94,94,2.44
510,Cayenne,GF,2021-04-02 17:41:03,4.9333,-52.3333,79.0,89,75,4.61
511,Kumano,JP,2021-04-02 17:41:03,34.3442,132.5894,60.8,63,40,5.44
512,Makali,SL,2021-04-02 17:41:04,8.6333,-11.6667,96.31,25,57,5.82
513,Shitanjing,CN,2021-04-02 17:41:04,39.2342,106.3439,41.49,44,99,4.03
514,Qaqortoq,GL,2021-04-02 17:41:05,60.7167,-46.0333,41.0,65,75,3.44
515,Hay River,CA,2021-04-02 17:41:05,60.8156,-115.7999,5.0,66,70,9.22
516,Bolgatanga,GH,2021-04-02 17:41:06,10.7856,-0.8514,96.06,5,10,5.79
517,Rocha,UY,2021-04-02 17:41:06,-34.4833,-54.3333,71.49,62,30,10.18
518,Olinda,BR,2021-04-02 17:39:33,-8.0089,-34.8553,84.2,58,20,8.05
519,Atambua,ID,2021-04-02 17:41:06,-9.1061,124.8925,73.67,93,100,8.95
520,Safford,US,2021-04-02 17:41:06,32.834,-109.7076,71.6,20,1,5.75
521,Nuuk,GL,2021-04-02 17:41:05,64.1835,-51.7216,17.6,93,75,9.22
522,Leningradskiy,RU,2021-04-02 17:41:07,69.3833,178.4167,-21.48,100,99,2.37
523,Tocopilla,CL,2021-04-02 17:41:07,-22.092,-70.1979,73.13,66,14,11.72
524,Lugo,ES,2021-04-02 17:41:08,43.0,-7.5,64.0,68,82,7.0
525,Alice,US,2021-04-02 17:41:08,27.7523,-98.0697,77.0,35,75,14.97
526,Darhan,MN,2021-04-02 17:41:08,49.4867,105.9228,31.06,54,0,6.44
527,San Antonio,US,2021-04-02 17:36:52,29.4241,-98.4936,70.0,42,1,11.5
528,Maceio,BR,2021-04-02 17:40:40,-9.6658,-35.7353,86.0,66,40,13.8
529,Saint-Philippe,RE,2021-04-02 17:41:09,-21.3585,55.7679,77.0,83,75,16.11
530,Necochea,AR,2021-04-02 17:38:05,-38.5473,-58.7368,75.99,49,20,10.0
531,Wukari,NG,2021-04-02 17:41:10,7.85,9.7833,91.96,11,13,5.19
532,Mehamn,NO,2021-04-02 17:41:10,71.0357,27.8492,27.3,90,96,3.69
533,Tingi,TZ,2021-04-02 17:41:11,-11.3,35.0333,61.59,92,81,2.82
534,Oussouye,SN,2021-04-02 17:41:11,12.485,-16.5469,95.0,73,0,6.91
535,San Quintin,MX,2021-04-02 17:41:11,30.4833,-115.95,65.12,62,0,6.96
536,Kamoke,PK,2021-04-02 17:38:01,31.9744,74.2244,73.4,38,0,5.75
537,Estevan,CA,2021-04-02 17:41:12,49.1334,-102.9842,53.6,40,40,21.85
538,Hanyang,CN,2021-04-02 17:41:12,32.1371,105.5126,43.0,89,95,13.0
539,Lakes Entrance,AU,2021-04-02 17:41:13,-37.8811,147.981,61.39,69,0,4.25
540,Redcliffe,AU,2021-04-02 17:41:13,-27.2307,153.0973,71.6,64,90,12.66
541,Iquitos,PE,2021-04-02 17:41:13,-3.7481,-73.2472,86.0,70,75,4.61
542,Kloulklubed,PW,2021-04-02 17:41:13,7.0419,134.2556,77.0,94,75,10.38
543,Temecula,US,2021-04-02 17:37:07,33.4936,-117.1484,72.0,39,1,5.7
544,Walvis Bay,NA,2021-04-02 17:41:14,-22.9575,14.5053,75.2,50,23,10.36
545,Lampazos De Naranjo,MX,2021-04-02 17:41:14,27.0167,-100.5167,65.93,52,100,13.53
546,Mamontovo,RU,2021-04-02 17:41:15,52.7055,81.6244,28.58,84,97,14.32
547,Kirakira,SB,2021-04-02 17:41:15,-10.4544,161.9205,79.21,82,100,2.39
548,Svetlyy,RU,2021-04-02 17:41:15,54.675,20.1347,41.0,87,75,11.18
549,Santa Isabel Do Rio Negro,BR,2021-04-02 17:41:16,-0.4139,-65.0192,84.6,72,95,4.54
550,Bahia Honda,CU,2021-04-02 17:41:16,22.9036,-83.1592,71.65,62,98,17.18
551,Kapiri Mposhi,ZM,2021-04-02 17:41:16,-13.9652,28.6809,61.59,88,7,5.86
552,Bac Lieu,VN,2021-04-02 17:41:17,9.285,105.7244,82.85,76,94,8.55
553,Barra Do Garcas,BR,2021-04-02 17:41:17,-15.89,-52.2567,89.33,50,89,3.98
554,Kyabe,TD,2021-04-02 17:41:17,9.4515,18.9449,92.37,12,55,5.5
555,Benguela,AO,2021-04-02 17:41:18,-12.5763,13.4055,81.01,81,37,6.69
556,Port Macquarie,AU,2021-04-02 17:41:18,-31.4333,152.9167,62.01,99,93,1.99
557,West Fargo,US,2021-04-02 17:41:18,46.875,-96.9004,57.99,35,1,21.85
558,Mackay,AU,2021-04-02 17:41:19,-21.15,149.2,69.8,88,75,12.66
559,Maniwaki,CA,2021-04-02 17:41:19,46.3834,-75.966,32.0,27,1,11.5
560,The Valley,AI,2021-04-02 17:41:19,18.217,-63.0578,84.2,61,20,19.57
561,Mabai,CN,2021-04-02 17:41:20,23.0128,104.4508,60.15,96,3,2.8
562,Biskamzha,RU,2021-04-02 17:41:20,53.4497,89.5272,22.5,88,100,5.17
563,Thurso,GB,2021-04-02 17:41:20,58.5927,-3.5259,46.4,66,75,17.27
564,Whyalla,AU,2021-04-02 17:41:21,-33.0333,137.5833,62.6,48,0,4.61
565,Bagan,RU,2021-04-02 17:41:21,54.1001,77.6646,31.64,87,100,16.71
566,Nhulunbuy,AU,2021-04-02 17:41:21,-12.2333,136.7667,75.2,94,90,12.66
567,Beloha,MG,2021-04-02 17:41:22,-25.1667,45.05,72.75,75,10,13.15
568,Santa Pola,ES,2021-04-02 17:41:22,38.1917,-0.5658,73.0,56,20,3.44
569,Puerto Baquerizo Moreno,EC,2021-04-02 17:41:22,-0.9,-89.6,82.4,78,40,5.75
570,Sainte-Maxime,FR,2021-04-02 17:41:23,43.3,6.6333,66.2,63,1,8.05
571,Erzin,TR,2021-04-02 17:41:23,36.9559,36.2,54.0,82,100,1.86
572,Pleasanton,US,2021-04-02 17:39:44,37.6624,-121.8747,66.99,40,15,3.56
573,Kavaratti,IN,2021-04-02 17:41:23,10.5669,72.642,83.43,61,95,10.92
