,City,Country,Date,Lat,Lng,Max Temp,Humidity,Cloudiness,Wind Speed,Current Description,Rain inches (last 3 hrs),Snow inches (last 3 hrs)
0,Georgetown,MY,2021-04-05 15:39:47,5.4112,100.3354,84.2,78,40,4.61,light rain,0.0,0
1,Mauriti,BR,2021-04-05 15:44:23,-7.3892,-38.7744,94.19,30,73,7.43,broken clouds,0.0,0
2,Humaita,BR,2021-04-05 15:44:23,-7.5061,-63.0208,92.91,47,77,2.59,broken clouds,0.0,0
3,Bethel,US,2021-04-05 15:44:24,41.3712,-73.414,55.4,33,1,16.11,clear sky,0.0,0
4,Barrow,US,2021-04-05 15:44:24,71.2906,-156.7887,-7.6,71,40,4.61,scattered clouds,0.0,0
5,Parabel,RU,2021-04-05 15:44:25,58.6978,81.4825,35.06,89,100,11.77,overcast clouds,0.0,0
6,Rikitea,PF,2021-04-05 15:44:25,-23.1203,-134.9692,77.94,63,48,8.55,scattered clouds,0.0,0
7,Punta Arenas,CL,2021-04-05 15:44:25,-53.15,-70.9167,46.4,57,40,3.44,scattered clouds,0.0,0
8,Mataura,NZ,2021-04-05 15:44:25,-46.1927,168.8643,48.99,74,5,5.01,clear sky,0.0,0
9,Sao Filipe,CV,2021-04-05 15:44:26,14.8961,-24.4956,77.76,59,11,10.2,few clouds,0.0,0
10,Pevek,RU,2021-04-05 15:44:26,69.7008,170.3133,-19.12,100,99,3.58,overcast clouds,0.0,0
11,Khatanga,RU,2021-04-05 15:43:26,71.9667,102.5,5.16,84,74,10.45,broken clouds,0.0,0
12,Sur,OM,2021-04-05 15:44:26,22.5667,59.5289,82.74,60,6,3.22,clear sky,0.0,0
13,Tiksi,RU,2021-04-05 15:44:27,71.6872,128.8694,-19.41,99,45,4.14,scattered clouds,0.0,0
14,Karaton,ID,2021-04-05 15:44:27,-6.3424,106.1045,82.99,78,20,8.05,few clouds,0.0,0
15,Nanortalik,GL,2021-04-05 15:44:28,60.1432,-45.2371,38.25,87,100,6.76,overcast clouds,0.0,0
16,Clyde River,CA,2021-04-05 15:41:08,70.4692,-68.5914,-4.0,71,40,14.97,scattered clouds,0.0,0
17,Hobart,AU,2021-04-05 15:43:31,-42.8794,147.3294,52.0,87,0,5.75,clear sky,0.0,0
18,Anadyr,RU,2021-04-05 15:44:28,64.75,177.4833,1.4,66,0,4.47,clear sky,0.0,0
19,Geraldton,AU,2021-04-05 15:44:28,-28.7667,114.6,64.4,88,75,4.61,broken clouds,0.0,0
20,New Norfolk,AU,2021-04-05 15:44:29,-42.7826,147.0587,52.0,70,0,3.29,clear sky,0.0,0
21,Vilyuysk,RU,2021-04-05 15:44:29,63.7553,121.6247,-1.77,98,100,3.49,overcast clouds,0.0,0
22,Tuktoyaktuk,CA,2021-04-05 15:44:30,69.4541,-133.0374,-5.8,84,90,25.32,snow,0.0,0
23,Bengkulu,ID,2021-04-05 15:44:30,-3.8004,102.2655,75.99,89,89,4.83,overcast clouds,0.0,0
24,Bluff,NZ,2021-04-05 15:44:30,-46.6,168.3333,48.99,74,86,5.01,overcast clouds,0.0,0
25,Jamestown,US,2021-04-05 15:40:39,42.097,-79.2353,57.99,40,1,4.61,clear sky,0.0,0
26,Busselton,AU,2021-04-05 15:44:31,-33.65,115.3333,60.01,94,1,3.33,clear sky,0.0,0
27,Carnarvon,AU,2021-04-05 15:44:32,-24.8667,113.6333,77.0,78,99,17.27,overcast clouds,0.0,0
28,Port Alfred,ZA,2021-04-05 15:44:32,-33.5906,26.891,64.83,82,100,12.97,overcast clouds,0.0,0
29,Oranjestad,AW,2021-04-05 15:44:22,12.524,-70.027,84.2,65,20,21.85,few clouds,0.0,0
30,Albany,US,2021-04-05 15:41:40,42.6001,-73.9662,55.99,32,23,4.0,few clouds,0.0,0
31,Dikson,RU,2021-04-05 15:43:24,73.5069,80.5464,6.03,96,97,4.81,overcast clouds,0.0,0
32,Folldal,NO,2021-04-05 15:44:33,62.1325,9.9968,24.08,82,83,19.86,snow,0.0,0
33,Lashio,MM,2021-04-05 15:44:33,22.9333,97.75,64.29,70,100,2.42,overcast clouds,0.0,0
34,Vardo,NO,2021-04-05 15:44:34,70.3705,31.1107,33.8,93,75,16.11,sleet,0.0,0
35,Hobyo,SO,2021-04-05 15:44:34,5.3505,48.5268,82.89,69,21,14.56,few clouds,0.0,0
36,Butaritari,KI,2021-04-05 15:44:34,3.0707,172.7902,81.18,81,96,10.96,moderate rain,0.0,0
37,Nikolskoye,RU,2021-04-05 15:44:35,59.7035,30.7861,46.99,53,40,6.71,scattered clouds,0.0,0
38,Mahebourg,MU,2021-04-05 15:44:35,-20.4081,57.7,80.6,74,40,11.5,scattered clouds,0.0,0
39,East London,ZA,2021-04-05 15:43:26,-33.0153,27.9116,64.4,100,90,4.61,light rain,0.0,0
40,Akyab,MM,2021-04-05 15:44:35,20.15,92.9,80.49,71,1,8.77,clear sky,0.0,0
41,Sovetskiy,RU,2021-04-05 15:44:36,61.3614,63.5842,31.86,95,100,11.34,light snow,0.0,0
42,Pisco,PE,2021-04-05 15:44:36,-13.7,-76.2167,73.99,73,0,5.75,clear sky,0.0,0
43,Obo,CF,2021-04-05 15:44:37,5.3998,26.4869,91.74,25,97,4.16,overcast clouds,0.0,0
44,Roald,NO,2021-04-05 15:44:37,62.5833,6.1333,39.2,65,75,25.32,broken clouds,0.0,0
45,Ryotsu,JP,2021-04-05 15:44:38,38.0833,138.4333,44.47,68,9,7.14,clear sky,0.0,0
46,Pangody,RU,2021-04-05 15:44:38,65.85,74.4859,32.38,99,100,6.13,light snow,0.0,0
47,Chokurdakh,RU,2021-04-05 15:44:39,70.6333,147.9167,-31.36,99,42,1.32,scattered clouds,0.0,0
48,Asau,RO,2021-04-05 15:44:39,46.4333,26.4,48.99,30,16,9.28,light rain,0.0,0
49,Tasiilaq,GL,2021-04-05 15:44:06,65.6145,-37.6368,21.2,73,81,9.22,broken clouds,0.0,0
50,Rio Grande,BR,2021-04-05 15:44:39,-32.035,-52.0986,79.0,73,75,18.41,broken clouds,0.0,0
51,Ponta Do Sol,PT,2021-04-05 15:44:40,32.6667,-17.1,62.01,63,100,3.0,overcast clouds,0.0,0
52,Nantucket,US,2021-04-05 15:44:40,41.2835,-70.0995,44.01,75,100,22.41,overcast clouds,0.0,0
53,Guerrero Negro,MX,2021-04-05 15:41:13,27.9769,-114.0611,65.14,69,5,12.5,clear sky,0.0,0
54,Ushuaia,AR,2021-04-05 15:44:41,-54.8,-68.3,42.8,70,75,10.36,broken clouds,0.0,0
55,Wasilla,US,2021-04-05 15:41:50,61.5814,-149.4394,28.4,58,40,5.75,scattered clouds,0.0,0
56,Klaksvik,FO,2021-04-05 15:44:41,62.2266,-6.589,28.4,74,75,42.57,light snow,0.0,0
57,Bhimunipatnam,IN,2021-04-05 15:44:42,17.8833,83.4333,84.2,79,75,2.3,mist,0.0,0
58,Urusha,RU,2021-04-05 15:44:42,54.05,122.9,12.78,58,3,15.39,clear sky,0.0,0
59,Rybnaya Sloboda,RU,2021-04-05 15:44:42,55.4613,50.1409,33.8,75,0,8.95,clear sky,0.0,0
60,Mount Gambier,AU,2021-04-05 15:44:43,-37.8333,140.7667,57.2,77,10,8.05,clear sky,0.0,0
61,San Patricio,US,2021-04-05 15:44:43,28.017,-97.5169,77.0,78,75,11.5,broken clouds,0.0,0
62,Tazovskiy,RU,2021-04-05 15:44:43,67.4667,78.7,32.36,99,100,5.5,light snow,0.0,0
63,Ola,RU,2021-04-05 15:44:44,59.5833,151.2833,17.89,94,100,4.29,light snow,0.0,0
64,Okha,RU,2021-04-05 15:44:44,53.5739,142.9478,14.38,89,13,4.32,few clouds,0.0,0
65,Ixtapa,MX,2021-04-05 15:43:04,20.7,-105.2,69.8,73,1,3.44,clear sky,0.0,0
66,Hermanus,ZA,2021-04-05 15:43:13,-34.4187,19.2345,62.01,88,100,5.01,overcast clouds,0.0,0
67,Opuwo,NA,2021-04-05 15:44:44,-18.0607,13.84,84.74,30,55,11.34,broken clouds,0.0,0
68,Saskylakh,RU,2021-04-05 15:44:45,71.9167,114.0833,-13.27,98,35,8.43,scattered clouds,0.0,0
69,Chuy,UY,2021-04-05 15:44:45,-33.6971,-53.4616,77.59,61,15,11.95,few clouds,0.0,0
70,Mar Del Plata,AR,2021-04-05 15:44:04,-38.0023,-57.5575,71.6,88,75,4.61,broken clouds,0.0,0
71,Kapaa,US,2021-04-05 15:44:46,22.0752,-159.319,73.4,68,40,18.41,light rain,0.0,0
72,Lazaro Cardenas,MX,2021-04-05 15:44:46,17.9583,-102.2,82.17,55,5,3.33,clear sky,0.0,0
73,Batsfjord,NO,2021-04-05 15:44:46,70.6345,29.7185,33.8,93,75,20.71,light snow,0.0,0
74,Waipawa,NZ,2021-04-05 15:44:47,-41.4122,175.5153,61.0,94,90,10.36,overcast clouds,0.0,0
75,Rodeo,US,2021-04-05 15:44:47,38.033,-122.2669,52.0,71,90,9.22,overcast clouds,0.0,0
76,Ahipara,NZ,2021-04-05 15:44:48,-35.1667,173.1667,62.08,85,100,5.99,overcast clouds,0.0,0
77,Ca Mau,VN,2021-04-05 15:44:48,9.1769,105.15,81.66,70,51,9.78,broken clouds,0.0,0
78,Cabo San Lucas,MX,2021-04-05 15:43:18,22.8909,-109.9124,78.8,22,1,1.92,clear sky,0.0,0
79,Vaini,TO,2021-04-05 15:44:48,-21.2,-175.2,62.6,100,20,2.3,few clouds,0.0,0
80,Sal Rei,CV,2021-04-05 15:44:49,16.1833,-22.9167,77.0,69,20,20.71,few clouds,0.0,0
81,Puerto Ayora,EC,2021-04-05 15:44:49,-0.7393,-90.3518,80.6,78,40,6.91,scattered clouds,0.0,0
82,Savannah Bight,HN,2021-04-05 15:44:50,16.45,-85.85,81.0,88,90,17.2,overcast clouds,0.0,0
83,Tooele,US,2021-04-05 15:44:50,40.5308,-112.2983,64.4,29,1,11.5,clear sky,0.0,0
84,Angoche,MZ,2021-04-05 15:44:50,-16.2325,39.9086,78.46,74,36,12.26,scattered clouds,0.0,0
85,Kruisfontein,ZA,2021-04-05 15:44:51,-34.0033,24.7314,64.0,90,100,3.0,overcast clouds,0.0,0
86,Fortuna,US,2021-04-05 15:42:47,40.5982,-124.1573,48.0,100,90,3.44,overcast clouds,0.0,0
87,Provideniya,RU,2021-04-05 15:44:51,64.3833,-173.3,1.22,93,100,8.97,overcast clouds,0.0,0
88,Carutapera,BR,2021-04-05 15:44:52,-1.195,-46.02,86.2,66,69,11.16,broken clouds,0.0,0
89,Severo-Yeniseyskiy,RU,2021-04-05 15:44:52,60.3725,93.0408,24.51,97,100,4.23,overcast clouds,0.0,0
90,Meulaboh,ID,2021-04-05 15:44:53,4.1363,96.1285,79.05,83,100,2.89,overcast clouds,0.0,0
91,Burnie,AU,2021-04-05 15:44:53,-41.0667,145.9167,53.01,94,0,5.01,clear sky,0.0,0
92,Petropavlovskoye,RU,2021-04-05 15:44:53,52.0712,84.107,37.06,80,56,7.78,broken clouds,0.0,0
93,Caravelas,BR,2021-04-05 15:44:54,-17.7125,-39.2481,83.7,57,100,8.68,overcast clouds,0.0,0
94,Port Hawkesbury,CA,2021-04-05 15:44:54,45.6169,-61.3485,44.01,93,90,14.97,overcast clouds,0.0,0
95,Bathsheba,BB,2021-04-05 15:44:54,13.2167,-59.5167,84.2,58,40,17.27,scattered clouds,0.0,0
96,Isangel,VU,2021-04-05 15:44:55,-19.55,169.2667,75.38,69,22,12.73,few clouds,0.0,0
97,Norman Wells,CA,2021-04-05 15:44:55,65.282,-126.8329,26.6,68,75,14.97,snow,0.0,0
98,Qaanaaq,GL,2021-04-05 15:43:01,77.484,-69.3632,4.06,59,100,10.02,overcast clouds,0.0,0
99,Lebu,CL,2021-04-05 15:44:55,-37.6167,-73.65,60.82,71,100,19.04,overcast clouds,0.0,0
100,Acapulco,MX,2021-04-05 15:43:59,16.8634,-99.8901,82.4,69,1,5.75,clear sky,0.0,0
101,Marawi,PH,2021-04-05 15:44:56,7.9986,124.2928,79.0,85,99,3.0,overcast clouds,0.0,0
102,Skelleftea,SE,2021-04-05 15:44:56,64.7507,20.9528,39.2,41,0,11.5,clear sky,0.0,0
103,Itaituba,BR,2021-04-05 15:44:57,-4.2761,-55.9836,87.8,74,40,11.5,scattered clouds,0.0,0
104,Kanadey,RU,2021-04-05 15:44:57,53.1679,47.5264,36.84,86,39,4.43,scattered clouds,0.0,0
105,Tarko-Sale,RU,2021-04-05 15:44:57,64.9225,77.785,33.15,93,100,9.42,overcast clouds,0.0,0
106,Severo-Kurilsk,RU,2021-04-05 15:44:57,50.6789,156.125,26.73,80,87,12.15,overcast clouds,0.0,0
107,Cherskiy,RU,2021-04-05 15:44:58,68.75,161.3,-22.18,100,43,5.14,scattered clouds,0.0,0
108,Deputatskiy,RU,2021-04-05 15:44:58,69.3,139.9,-11.88,99,100,0.27,overcast clouds,0.0,0
109,Sinnamary,GF,2021-04-05 15:44:59,5.3833,-52.95,79.0,89,100,12.21,overcast clouds,0.0,0
110,Lasa,IT,2021-04-05 15:44:59,46.6166,10.7002,60.8,66,0,8.05,clear sky,0.0,0
111,Atlacomulco,MX,2021-04-05 15:44:59,19.7989,-99.8744,62.6,31,20,3.44,few clouds,0.0,0
112,Warrnambool,AU,2021-04-05 15:45:00,-38.3833,142.4833,55.35,79,21,6.64,few clouds,0.0,0
113,Sainte-Marie,RE,2021-04-05 15:45:00,-20.8968,55.5496,77.0,83,90,14.97,heavy intensity rain,0.0,0
114,Nexo,DK,2021-04-05 15:45:01,55.0607,15.1306,35.6,64,75,20.71,broken clouds,0.0,0
115,Cidreira,BR,2021-04-05 15:45:01,-30.1811,-50.2056,75.61,67,1,15.05,clear sky,0.0,0
116,Comodoro Rivadavia,AR,2021-04-05 15:43:46,-45.8667,-67.5,55.4,76,90,10.36,overcast clouds,0.0,0
117,Balikpapan,ID,2021-04-05 15:45:01,-1.2675,116.8289,74.64,90,100,3.44,light rain,0.0,0
118,Cape Town,ZA,2021-04-05 15:41:10,-33.9258,18.4232,66.2,68,20,21.85,few clouds,0.0,0
119,Salalah,OM,2021-04-05 15:45:03,17.0151,54.0924,84.2,74,0,5.75,clear sky,0.0,0
120,Rojhan,PK,2021-04-05 15:45:03,28.6868,69.9534,86.7,15,99,10.85,overcast clouds,0.0,0
121,Nizhniy Baskunchak,RU,2021-04-05 15:45:04,48.2198,46.8311,42.19,95,100,10.98,overcast clouds,0.0,0
122,Camana,PE,2021-04-05 15:45:04,-16.6228,-72.7111,73.8,78,59,8.43,broken clouds,0.0,0
123,Avarua,CK,2021-04-05 15:44:12,-21.2078,-159.775,77.0,100,90,10.36,moderate rain,0.0,0
124,La Rioja,ES,2021-04-05 15:42:43,42.25,-2.5,69.8,26,0,8.05,clear sky,0.0,0
125,Saravena,CO,2021-04-05 15:45:05,6.9538,-71.8752,82.36,67,100,2.15,overcast clouds,0.0,0
126,Bredasdorp,ZA,2021-04-05 15:45:05,-34.5322,20.0403,60.8,94,100,11.5,light rain,0.0,0
127,Fougeres,FR,2021-04-05 15:42:09,48.35,-1.2,51.01,66,75,11.5,broken clouds,0.0,0
128,Thompson,CA,2021-04-05 15:45:02,55.7435,-97.8558,32.0,100,90,4.61,snow,0.0,0
129,Pangai,TO,2021-04-05 15:45:06,-19.8,-174.35,77.86,74,67,12.26,broken clouds,0.0,0
130,Tautira,PF,2021-04-05 15:45:06,-17.7333,-149.15,77.0,78,20,5.75,few clouds,0.0,0
131,Saint-Augustin,CA,2021-04-05 15:45:06,51.226,-58.6502,37.45,99,100,19.37,overcast clouds,0.0,0
132,Kalmunai,LK,2021-04-05 15:45:07,7.4167,81.8167,80.35,79,0,3.18,clear sky,0.0,0
133,Chimoio,MZ,2021-04-05 15:45:07,-19.1164,33.4833,77.0,61,40,8.05,scattered clouds,0.0,0
134,Gizo,SB,2021-04-05 15:45:07,-8.103,156.8419,82.9,73,73,2.64,broken clouds,0.0,0
135,Kodiak,US,2021-04-05 15:45:08,57.79,-152.4072,30.2,47,1,18.41,clear sky,0.0,0
136,Kavaratti,IN,2021-04-05 15:45:08,10.5669,72.642,83.1,71,27,16.22,scattered clouds,0.0,0
137,Ancud,CL,2021-04-05 15:45:08,-41.8697,-73.8203,64.0,72,75,17.27,broken clouds,0.0,0
138,Nepa Nagar,IN,2021-04-05 15:45:09,21.4667,76.4,92.46,10,0,2.84,clear sky,0.0,0
139,Zhigansk,RU,2021-04-05 15:45:09,66.7697,123.3711,-23.4,100,24,3.09,few clouds,0.0,0
140,Shaunavon,CA,2021-04-05 15:45:09,49.6501,-108.4181,33.8,64,51,5.75,broken clouds,0.0,0
141,Arman,RU,2021-04-05 15:45:10,59.7,150.1667,15.49,88,100,5.46,overcast clouds,0.0,0
142,Teacapan,MX,2021-04-05 15:45:10,22.55,-105.75,79.18,34,0,3.47,clear sky,0.0,0
143,Balkhash,KZ,2021-04-05 15:45:11,46.844,74.9804,40.66,80,96,10.83,overcast clouds,0.0,0
144,Srednekolymsk,RU,2021-04-05 15:45:11,67.45,153.6833,-18.6,96,36,7.76,scattered clouds,0.0,0
145,Hasaki,JP,2021-04-05 15:45:11,35.7333,140.8333,48.2,76,75,17.27,broken clouds,0.0,0
146,Katsuura,JP,2021-04-05 15:45:12,35.1333,140.3,51.01,66,65,1.99,broken clouds,0.0,0
147,Berlevag,NO,2021-04-05 15:45:12,70.8578,29.0864,35.6,93,75,20.71,broken clouds,0.0,0
148,Hirara,JP,2021-04-05 15:45:13,24.8,125.2833,69.73,66,87,18.99,overcast clouds,0.0,0
149,Faanui,PF,2021-04-05 15:43:51,-16.4833,-151.75,80.85,75,19,14.85,light rain,0.0,0
150,Road Town,VG,2021-04-05 15:45:13,18.4167,-64.6167,82.4,65,20,8.05,few clouds,0.0,0
151,Puqi,CN,2021-04-05 15:44:13,29.7167,113.8833,52.81,90,100,2.75,light rain,0.0,0
152,Barcelos,PT,2021-04-05 15:45:14,41.5388,-8.6151,75.0,68,0,6.91,clear sky,0.0,0
153,Napasar,IN,2021-04-05 15:45:14,27.9667,73.55,89.02,10,82,8.14,broken clouds,0.0,0
154,Saint George,US,2021-04-05 15:44:33,37.1041,-113.5841,59.0,20,1,2.44,clear sky,0.0,0
155,Kahului,US,2021-04-05 15:40:34,20.8947,-156.47,69.8,100,90,14.97,light rain,0.25,0
156,Golden,US,2021-04-05 15:45:15,39.7555,-105.2211,68.0,24,75,4.61,broken clouds,0.0,0
157,Kokkola,FI,2021-04-05 15:45:15,63.8385,23.1307,34.0,100,40,12.66,light snow,0.0,0
158,Roebourne,AU,2021-04-05 15:45:16,-20.7833,117.1333,82.85,49,2,4.83,light rain,0.0,0
159,Namibe,AO,2021-04-05 15:45:16,-15.1961,12.1522,86.0,70,75,23.02,broken clouds,0.0,0
160,Minna,NG,2021-04-05 15:45:16,9.6139,6.5569,104.81,8,5,4.25,clear sky,0.0,0
161,Pauini,BR,2021-04-05 15:45:16,-7.7136,-66.9764,84.97,71,99,1.63,overcast clouds,0.0,0
162,Hithadhoo,MV,2021-04-05 15:45:17,-0.6,73.0833,84.2,71,73,15.19,moderate rain,0.0,0
163,Traralgon,AU,2021-04-05 15:45:17,-38.1833,146.5333,53.01,87,22,1.99,few clouds,0.0,0
164,Longyearbyen,SJ,2021-04-05 15:45:17,78.2186,15.6401,17.6,67,75,19.57,light snow,0.0,0
165,Petropavlovsk-Kamchatskiy,RU,2021-04-05 15:44:54,53.0452,158.6483,24.8,86,48,6.71,scattered clouds,0.0,0
166,Nagram,IN,2021-04-05 15:45:18,26.6167,81.1333,86.0,32,40,1.88,haze,0.0,0
167,Zhob,PK,2021-04-05 15:45:18,31.3411,69.4481,70.41,20,88,10.31,overcast clouds,0.0,0
168,Itarema,BR,2021-04-05 15:45:19,-2.9248,-39.9167,86.74,59,73,16.35,broken clouds,0.0,0
169,Sterling,US,2021-04-05 15:45:03,39.0062,-77.4286,64.0,29,1,5.75,clear sky,0.0,0
170,Torbay,CA,2021-04-05 15:45:19,47.6666,-52.7314,39.99,100,90,10.36,light intensity drizzle,0.0,0
171,Kargasok,RU,2021-04-05 15:45:20,59.0556,80.8572,34.88,89,100,12.97,overcast clouds,0.0,0
172,Constitucion,CL,2021-04-05 15:45:20,-35.3333,-72.4167,61.7,77,100,10.92,overcast clouds,0.0,0
173,Erzin,TR,2021-04-05 15:45:20,36.9559,36.2,64.0,62,78,0.25,broken clouds,0.0,0
174,Victoria,HK,2021-04-05 15:43:20,22.2855,114.1577,73.0,83,79,1.01,broken clouds,0.0,0
175,Ler,SS,2021-04-05 15:45:21,8.3018,30.1418,96.94,12,68,5.35,broken clouds,0.0,0
176,Fairbanks,US,2021-04-05 15:45:08,64.8378,-147.7164,7.0,72,90,17.27,overcast clouds,0.0,0
177,Yellowknife,CA,2021-04-05 15:41:47,62.456,-114.3525,19.99,67,75,10.36,broken clouds,0.0,0
178,Yichun,CN,2021-04-05 15:45:21,47.7,128.9,32.79,55,1,4.03,clear sky,0.0,0
179,Selma,US,2021-04-05 15:45:22,36.5708,-119.6121,53.01,66,20,12.66,few clouds,0.0,0
180,Korla,CN,2021-04-05 15:45:22,41.7597,86.1469,55.08,19,71,6.96,broken clouds,0.0,0
181,Arraial Do Cabo,BR,2021-04-05 15:45:22,-22.9661,-42.0278,82.4,65,40,2.3,scattered clouds,0.0,0
182,Jijiang,CN,2021-04-05 15:45:23,29.2906,106.2542,59.0,82,0,6.71,light rain,0.0,0
183,Mezen,RU,2021-04-05 15:45:23,65.8522,44.24,35.15,89,100,13.51,overcast clouds,0.0,0
184,Bara,NG,2021-04-05 15:45:23,10.3744,10.7288,103.6,8,13,8.28,few clouds,0.0,0
185,Castro,BR,2021-04-05 15:45:24,-24.7911,-50.0119,71.74,56,87,8.19,overcast clouds,0.0,0
186,Aykhal,RU,2021-04-05 15:45:24,66.0,111.5,-16.49,99,30,5.48,scattered clouds,0.0,0
187,Olutanga,PH,2021-04-05 15:45:24,7.3106,122.8464,82.67,71,100,4.32,overcast clouds,0.0,0
188,Iskateley,RU,2021-04-05 15:45:25,67.6803,53.1512,29.39,86,90,13.71,overcast clouds,0.0,0
189,Lompoc,US,2021-04-05 15:45:25,34.6391,-120.4579,51.8,76,60,6.91,broken clouds,0.0,0
190,Kampene,CD,2021-04-05 15:45:26,-3.6,26.6667,71.51,96,92,4.94,moderate rain,0.0,0
191,Coahuayana,MX,2021-04-05 15:45:26,18.7333,-103.6833,84.54,47,7,2.8,clear sky,0.0,0
192,Lorengau,PG,2021-04-05 15:45:27,-2.0226,147.2712,81.14,79,99,2.93,overcast clouds,0.0,0
193,Luena,AO,2021-04-05 15:45:27,-11.7833,19.9167,82.4,54,40,10.36,scattered clouds,0.0,0
194,Hilo,US,2021-04-05 15:42:44,19.7297,-155.09,69.8,83,90,6.91,moderate rain,0.0,0
195,Abashiri,JP,2021-04-05 15:41:16,44.0213,144.2697,28.0,73,0,3.0,clear sky,0.0,0
196,Baijiantan,CN,2021-04-05 15:45:27,45.6333,85.1833,56.17,49,100,14.43,overcast clouds,0.0,0
197,Feijo,BR,2021-04-05 15:45:28,-8.1642,-70.3536,78.55,81,100,1.74,overcast clouds,0.0,0
198,Mayumba,GA,2021-04-05 15:45:28,-3.432,10.6554,82.17,82,100,8.08,light rain,0.0,0
199,Saint Anthony,US,2021-04-05 15:45:29,45.0205,-93.218,70.0,45,1,6.91,clear sky,0.0,0
200,Arlit,NE,2021-04-05 15:45:29,18.7369,7.3853,97.47,3,1,2.46,clear sky,0.0,0
201,Walvis Bay,NA,2021-04-05 15:45:30,-22.9575,14.5053,82.4,39,0,11.5,clear sky,0.0,0
202,Banyo,CM,2021-04-05 15:45:30,6.75,11.8167,92.35,15,44,5.93,scattered clouds,0.0,0
203,Jinchang,CN,2021-04-05 15:45:30,38.4953,102.1739,46.71,69,76,2.19,broken clouds,0.0,0
204,Terney,RU,2021-04-05 15:45:31,45.0503,136.6092,34.12,73,14,7.49,few clouds,0.0,0
205,Saint-Philippe,RE,2021-04-05 15:45:31,-21.3585,55.7679,80.6,74,0,3.44,clear sky,0.0,0
206,Mount Isa,AU,2021-04-05 15:45:32,-20.7333,139.5,73.4,53,12,1.14,few clouds,0.0,0
207,Mahina,PF,2021-04-05 15:45:32,-17.5065,-149.489,77.0,78,20,5.75,few clouds,0.0,0
208,Flinders,AU,2021-04-05 15:45:32,-34.5833,150.8552,68.0,89,89,1.01,overcast clouds,0.0,0
209,Ovalle,CL,2021-04-05 15:45:33,-30.5983,-71.2003,70.14,59,66,4.16,broken clouds,0.0,0
210,Tome,CL,2021-04-05 15:43:21,-36.6167,-72.95,59.0,77,90,9.22,overcast clouds,0.0,0
211,Pamanukan,ID,2021-04-05 15:45:33,-6.2842,107.8106,78.03,80,100,9.22,overcast clouds,0.0,0
212,Mitsamiouli,KM,2021-04-05 15:45:34,-11.3847,43.2844,83.08,73,100,6.87,light rain,0.0,0
213,Los Llanos De Aridane,ES,2021-04-05 15:45:34,28.6585,-17.9182,68.0,56,75,4.61,broken clouds,0.0,0
214,Chissamba,AO,2021-04-05 15:45:34,-12.1667,17.3333,78.8,41,0,19.57,clear sky,0.0,0
215,Kavieng,PG,2021-04-05 15:45:35,-2.5744,150.7967,80.37,79,100,4.5,moderate rain,0.0,0
216,Bom Jesus,BR,2021-04-05 15:45:35,-9.0744,-44.3586,96.71,29,20,8.66,few clouds,0.0,0
217,Upernavik,GL,2021-04-05 15:45:36,72.7868,-56.1549,-1.26,82,100,10.33,overcast clouds,0.0,0
218,Masumbwe,TZ,2021-04-05 15:45:36,-3.6333,32.1833,67.41,93,100,3.4,overcast clouds,0.0,0
219,Mongu,ZM,2021-04-05 15:45:36,-15.2484,23.1274,78.13,41,47,4.76,scattered clouds,0.0,0
220,Padang,ID,2021-04-05 15:45:36,-0.9492,100.3543,77.0,88,20,2.3,moderate rain,0.0,0
221,Goksun,TR,2021-04-05 15:45:37,38.021,36.4973,57.2,67,75,2.3,broken clouds,0.0,0
222,Vostok,RU,2021-04-05 15:45:37,46.4856,135.8833,29.44,78,61,4.34,broken clouds,0.0,0
223,Atuona,PF,2021-04-05 15:45:37,-9.8,-139.0333,80.04,79,42,7.81,scattered clouds,0.0,0
224,Sozimskiy,RU,2021-04-05 15:45:38,59.7418,52.2482,29.82,92,73,5.77,broken clouds,0.0,0
225,Nyrob,RU,2021-04-05 15:45:38,60.733,56.7202,20.17,98,71,2.35,broken clouds,0.0,0
226,Necochea,AR,2021-04-05 15:45:38,-38.5473,-58.7368,77.14,49,64,5.66,broken clouds,0.0,0
227,Souillac,MU,2021-04-05 15:45:39,-20.5167,57.5167,80.6,74,40,11.5,scattered clouds,0.0,0
228,Esperance,AU,2021-04-05 15:45:39,-33.8667,121.9,77.0,41,63,9.22,broken clouds,0.0,0
229,Shediac,CA,2021-04-05 15:45:39,46.2198,-64.5411,39.0,100,90,16.11,light rain,0.0,0
230,Ullapool,GB,2021-04-05 15:45:40,57.8987,-5.1604,36.0,67,100,11.99,overcast clouds,0.0,0
231,Karachi,PK,2021-04-05 15:45:13,24.9056,67.0822,80.6,78,6,9.22,smoke,0.0,0
232,Mokrous,RU,2021-04-05 15:45:40,51.2333,47.5167,41.86,65,100,11.68,overcast clouds,0.0,0
233,Singaraja,ID,2021-04-05 15:45:41,-8.112,115.0882,80.56,76,100,5.14,light rain,0.0,0
234,Salinopolis,BR,2021-04-05 15:45:41,-0.6136,-47.3561,83.44,76,89,12.75,overcast clouds,0.0,0
235,Shache,CN,2021-04-05 15:45:41,38.4167,77.2406,49.48,57,100,9.26,light rain,0.0,0
236,Nome,US,2021-04-05 15:45:42,64.5011,-165.4064,-14.8,76,1,2.75,clear sky,0.0,0
237,Mozarlandia,BR,2021-04-05 15:45:42,-14.7447,-50.5706,88.84,51,58,9.31,broken clouds,0.0,0
238,Ribeira Grande,PT,2021-04-05 15:43:04,38.5167,-28.7,64.4,82,20,25.32,few clouds,0.0,0
239,Alekseyevsk,RU,2021-04-05 15:45:42,57.8406,108.3492,12.88,94,97,2.8,overcast clouds,0.0,0
240,Zmeinogorsk,RU,2021-04-05 15:45:43,51.1567,82.195,38.14,81,85,8.97,overcast clouds,0.0,0
241,Dunedin,NZ,2021-04-05 15:45:43,-45.8742,170.5036,52.0,73,76,1.01,broken clouds,0.0,0
242,Aklavik,CA,2021-04-05 15:45:44,68.2191,-135.0107,-4.0,71,90,18.41,snow,0.0,0
243,Tuatapere,NZ,2021-04-05 15:44:55,-46.1333,167.6833,48.99,74,15,5.01,few clouds,0.0,0
244,Bilma,NE,2021-04-05 15:45:44,18.6853,12.9164,94.14,4,0,3.36,clear sky,0.0,0
245,Kathu,TH,2021-04-05 15:45:44,7.9178,98.3332,82.4,83,40,1.14,scattered clouds,0.0,0
246,Teahupoo,PF,2021-04-05 15:45:45,-17.8333,-149.2667,77.0,78,20,5.75,few clouds,0.0,0
247,Moron,AR,2021-04-05 15:45:45,-34.6534,-58.6198,82.99,62,1,4.0,clear sky,0.0,0
248,Port Macquarie,AU,2021-04-05 15:45:45,-31.4333,152.9167,66.0,99,100,4.0,overcast clouds,0.0,0
249,Barra Do Corda,BR,2021-04-05 15:45:46,-5.5,-45.25,82.2,83,100,4.7,overcast clouds,0.0,0
250,Srandakan,ID,2021-04-05 15:45:46,-7.9386,110.2506,77.25,88,99,1.19,overcast clouds,0.0,0
251,Santa Isabel Do Rio Negro,BR,2021-04-05 15:44:15,-0.4139,-65.0192,75.74,97,100,3.44,light rain,0.0,0
252,Baherden,TM,2021-04-05 15:45:47,38.4362,57.4316,66.29,31,0,10.33,clear sky,0.0,0
253,Bambous Virieux,MU,2021-04-05 15:45:47,-20.3428,57.7575,81.0,74,40,11.5,scattered clouds,0.0,0
254,Iqaluit,CA,2021-04-05 15:45:48,63.7506,-68.5145,14.0,79,40,21.85,snow,0.0,0
255,Bhola,BD,2021-04-05 15:45:48,22.6833,90.65,80.55,52,0,8.99,clear sky,0.0,0
256,Okhotsk,RU,2021-04-05 15:45:48,59.3833,143.3,14.31,95,100,4.38,overcast clouds,0.0,0
257,Honningsvag,NO,2021-04-05 15:45:48,70.9821,25.9704,35.6,93,75,16.11,broken clouds,0.0,0
258,Faya,SA,2021-04-05 15:45:49,18.3851,42.4509,73.4,35,32,11.5,scattered clouds,0.0,0
259,Chapais,CA,2021-04-05 15:43:12,49.7834,-74.8492,35.6,41,90,12.66,overcast clouds,0.0,0
260,Mishelevka,RU,2021-04-05 15:45:50,52.8575,103.1719,31.62,92,89,2.37,overcast clouds,0.0,0
261,Kaoma,ZM,2021-04-05 15:45:50,-14.7833,24.8,72.0,61,23,4.38,few clouds,0.0,0
262,Corrente,BR,2021-04-05 15:45:50,-3.7367,-43.3394,89.6,50,100,5.53,overcast clouds,0.0,0
263,Muros,ES,2021-04-05 15:45:51,42.7762,-9.0603,77.0,52,0,13.0,clear sky,0.0,0
264,Broome,US,2021-04-05 15:45:51,42.2506,-75.833,53.01,43,1,11.5,clear sky,0.0,0
265,Lavrentiya,RU,2021-04-05 15:45:52,65.5833,-171.0,-12.6,97,91,4.79,overcast clouds,0.0,0
266,Koutsouras,GR,2021-04-05 15:45:52,35.0339,25.9469,66.99,59,100,4.41,overcast clouds,0.0,0
267,Salta,AR,2021-04-05 15:44:27,-24.7859,-65.4117,71.6,68,40,4.61,scattered clouds,0.0,0
268,Goya,AR,2021-04-05 15:45:52,-29.14,-59.2626,70.92,94,100,5.73,very heavy rain,0.0,0
269,Saldanha,ZA,2021-04-05 15:45:53,-33.0117,17.9442,71.6,60,7,16.11,clear sky,0.0,0
270,Leshukonskoye,RU,2021-04-05 15:45:53,64.8989,45.7622,35.35,86,100,10.38,overcast clouds,0.0,0
271,Nabire,ID,2021-04-05 15:45:54,-3.3667,135.4833,76.89,92,91,3.89,overcast clouds,0.0,0
272,Uusikaupunki,FI,2021-04-05 15:45:54,60.8004,21.4084,33.8,80,75,9.22,broken clouds,0.0,0
273,Ilulissat,GL,2021-04-05 15:45:55,69.2167,-51.1,17.6,86,75,6.91,light snow,0.0,0
274,Yumen,CN,2021-04-05 15:45:55,40.2833,97.2,46.33,41,76,4.92,broken clouds,0.0,0
275,Acajutla,SV,2021-04-05 15:45:30,13.5928,-89.8275,75.99,64,0,3.44,clear sky,0.0,0
276,Tumut,AU,2021-04-05 15:45:56,-35.3,148.2167,68.0,73,0,13.8,clear sky,0.0,0
277,Banyuwangi,ID,2021-04-05 15:45:56,-8.2325,114.3576,75.65,91,100,1.63,overcast clouds,0.0,0
278,Harstad,NO,2021-04-05 15:45:56,68.799,16.5293,34.0,97,100,21.99,light snow,0.0,0
279,Kaitangata,NZ,2021-04-05 15:45:57,-46.2817,169.8464,46.99,82,2,5.99,clear sky,0.0,0
280,Perm,RU,2021-04-05 15:45:57,58.0174,56.2855,35.6,69,0,8.95,clear sky,0.0,0
281,Colac,AU,2021-04-05 15:45:58,-38.3333,143.5833,57.0,1,9,4.0,clear sky,0.0,0
282,Kirakira,SB,2021-04-05 15:45:58,-10.4544,161.9205,79.29,83,37,0.25,moderate rain,0.0,0
283,Batagay,RU,2021-04-05 15:45:58,67.6333,134.6333,-6.77,99,100,1.45,overcast clouds,0.0,0
284,Haines Junction,CA,2021-04-05 15:43:19,60.7522,-137.5108,26.6,63,99,16.11,light snow,0.0,0
285,Saint-Denis,FR,2021-04-05 15:45:59,48.9167,2.3333,45.0,65,0,9.22,clear sky,0.0,0
286,San Cristobal,VE,2021-04-05 15:45:59,7.7669,-72.225,82.4,74,40,9.22,scattered clouds,0.0,0
287,Leningradskiy,RU,2021-04-05 15:45:59,69.3833,178.4167,-7.46,97,98,4.03,overcast clouds,0.0,0
288,Lauria,IT,2021-04-05 15:46:00,40.0465,15.8358,51.1,61,7,3.6,clear sky,0.0,0
289,Cabo Rojo,PR,2021-04-05 15:46:00,18.0866,-67.1457,82.0,67,98,1.99,overcast clouds,0.0,0
290,North Bay,CA,2021-04-05 15:41:44,46.3168,-79.4663,48.0,42,75,8.05,broken clouds,0.0,0
291,Abu Dhabi,AE,2021-04-05 15:44:42,24.4667,54.3667,78.8,44,0,13.8,clear sky,0.0,0
292,Beringovskiy,RU,2021-04-05 15:46:01,63.05,179.3167,7.84,95,100,15.1,snow,0.0,0
293,Lieksa,FI,2021-04-05 15:46:01,63.3167,30.0167,35.4,83,100,22.39,overcast clouds,0.0,0
294,Samur,RU,2021-04-05 15:46:01,41.8253,48.486,55.76,58,3,1.45,clear sky,0.0,0
295,Novikovo,RU,2021-04-05 15:46:02,51.1537,37.8879,45.93,53,90,4.12,overcast clouds,0.0,0
296,Sabang,ID,2021-04-05 15:46:02,5.8933,95.3214,82.67,73,100,7.09,overcast clouds,0.0,0
297,Novaya Mayna,RU,2021-04-05 15:46:03,54.15,49.75,42.8,56,9,6.71,clear sky,0.0,0
298,Cordoba,AR,2021-04-05 15:44:07,-31.4135,-64.1811,72.0,73,20,9.22,few clouds,0.0,0
299,Buchanan,LR,2021-04-05 15:46:03,5.8808,-10.0467,89.6,70,75,11.5,light rain,0.0,0
300,Airai,TL,2021-04-05 15:46:03,-8.9266,125.4092,59.72,84,100,3.51,overcast clouds,0.0,0
301,Mocuba,MZ,2021-04-05 15:46:04,-16.8392,36.9856,72.48,88,46,4.97,scattered clouds,0.0,0
302,Kiama,AU,2021-04-05 15:46:04,-34.6833,150.8667,69.01,92,84,4.59,broken clouds,0.0,0
303,Whitecourt,CA,2021-04-05 15:45:02,54.1502,-115.6855,30.2,64,20,6.91,few clouds,0.0,0
304,Biloela,AU,2021-04-05 15:46:04,-24.4167,150.5,69.76,93,100,7.83,overcast clouds,0.0,0
305,Krasnoselkup,RU,2021-04-05 15:46:05,65.7,82.4667,33.13,92,100,9.69,overcast clouds,0.0,0
306,Florence,IT,2021-04-05 15:43:55,43.7667,11.25,62.6,36,0,13.8,clear sky,0.0,0
307,Egvekinot,RU,2021-04-05 15:46:05,66.3167,-179.1667,-14.21,86,9,7.16,clear sky,0.0,0
308,Gedo,ET,2021-04-05 15:46:06,9.0167,37.45,65.21,38,90,2.28,overcast clouds,0.0,0
309,Mizdah,LY,2021-04-05 15:46:06,31.4451,12.9801,73.17,42,15,20.67,few clouds,0.0,0
310,Yar-Sale,RU,2021-04-05 15:46:06,66.8333,70.8333,31.91,99,100,1.88,overcast clouds,0.0,0
311,Aden,YE,2021-04-05 15:46:07,12.7794,45.0367,81.81,57,65,10.04,broken clouds,0.0,0
312,Abha,SA,2021-04-05 15:46:07,18.2164,42.5053,73.4,35,37,11.5,scattered clouds,0.0,0
313,Thunder Bay,CA,2021-04-05 15:44:25,48.4001,-89.3168,48.99,65,75,13.8,broken clouds,0.0,0
314,Tibiri,NE,2021-04-05 15:46:07,13.5627,7.0485,102.2,5,0,9.22,clear sky,0.0,0
315,Taltal,CL,2021-04-05 15:46:08,-25.4,-70.4833,71.64,69,8,5.77,clear sky,0.0,0
316,Diego De Almagro,CL,2021-04-05 15:46:08,-26.3667,-70.05,80.44,19,0,7.34,clear sky,0.0,0
317,Polunochnoye,RU,2021-04-05 15:46:08,60.8697,60.4153,27.57,82,89,7.56,overcast clouds,0.0,0
318,Terdal,IN,2021-04-05 15:46:09,16.5,75.05,88.14,14,6,1.59,clear sky,0.0,0
319,Coro,VE,2021-04-05 15:46:09,11.4045,-69.6734,84.83,64,100,15.95,overcast clouds,0.0,0
320,Komsomolskiy,UZ,2021-04-05 15:46:10,40.4272,71.7189,55.4,62,16,4.61,few clouds,0.0,0
321,Chala,TZ,2021-04-05 15:46:10,-7.5833,31.2667,69.8,73,20,3.44,moderate rain,0.0,0
322,Qinzhou,CN,2021-04-05 15:46:10,21.95,108.6167,76.14,73,83,3.96,broken clouds,0.0,0
323,Karratha,AU,2021-04-05 15:45:44,-20.7377,116.8463,83.41,50,3,4.43,light rain,0.0,0
324,Pochutla,MX,2021-04-05 15:46:11,15.7432,-96.4661,88.0,45,20,6.04,few clouds,0.0,0
325,Verkhnedneprovskiy,RU,2021-04-05 15:46:11,54.9813,33.3457,40.93,59,76,11.99,broken clouds,0.0,0
326,Olafsvik,IS,2021-04-05 15:46:12,64.8945,-23.7142,26.74,79,98,16.2,overcast clouds,0.0,0
327,Codrington,AU,2021-04-05 15:46:12,-38.2667,141.9667,52.16,86,29,5.7,scattered clouds,0.0,0
328,Pitimbu,BR,2021-04-05 15:46:13,-7.4706,-34.8086,86.0,66,75,12.66,broken clouds,0.0,0
329,Houma,US,2021-04-05 15:44:57,29.5958,-90.7195,72.0,72,1,4.61,clear sky,0.0,0
330,Pokhara,NP,2021-04-05 15:44:12,28.2333,83.9833,68.02,11,0,8.25,clear sky,0.0,0
331,Brookhaven,US,2021-04-05 15:44:49,31.5791,-90.4407,72.0,61,0,4.5,clear sky,0.0,0
332,Port-Gentil,GA,2021-04-05 15:46:13,-0.7193,8.7815,87.8,79,75,11.5,moderate rain,0.0,0
333,Tabou,CI,2021-04-05 15:46:14,4.423,-7.3528,83.97,70,100,6.93,overcast clouds,0.0,0
334,Bom Conselho,BR,2021-04-05 15:46:14,-9.1697,-36.6797,83.44,44,69,12.95,broken clouds,0.0,0
335,Broken Hill,AU,2021-04-05 15:46:14,-31.95,141.4333,66.2,42,0,5.75,clear sky,0.0,0
336,Phalia,PK,2021-04-05 15:46:15,32.4297,73.5775,78.55,30,100,5.99,overcast clouds,0.0,0
337,Goma,CD,2021-04-05 15:46:15,-1.6792,29.2228,69.8,78,75,9.22,light rain,0.0,0
338,Pailon,BO,2021-04-05 15:46:15,-17.65,-62.75,80.6,83,75,13.8,moderate rain,0.0,0
339,Baykit,RU,2021-04-05 15:46:16,61.67,96.37,23.43,99,100,1.54,overcast clouds,0.0,0
340,Artyom,AZ,2021-04-05 15:46:16,40.4723,50.333,55.4,82,0,18.41,clear sky,0.0,0
341,Grand Baie,MU,2021-04-05 15:45:44,-20.0182,57.5802,81.0,72,53,5.01,light rain,0.0,0
342,Porto Novo,BJ,2021-04-05 15:46:16,6.4965,2.6036,89.6,70,20,16.11,few clouds,0.0,0
343,La Plata,AR,2021-04-05 15:46:17,-34.9215,-57.9545,77.0,75,12,5.01,few clouds,0.0,0
344,Thenzawl,IN,2021-04-05 15:46:17,23.3167,92.75,62.94,29,19,3.04,few clouds,0.0,0
345,Kizhinga,RU,2021-04-05 15:46:18,51.8462,109.9097,26.44,74,49,4.61,scattered clouds,0.0,0
346,Bukama,CD,2021-04-05 15:46:18,-9.2,25.85,76.05,86,60,1.59,light rain,0.0,0
347,Nieves,PH,2021-04-05 15:46:18,15.3274,120.9485,82.4,69,75,2.3,broken clouds,0.0,0
348,Matay,EG,2021-04-05 15:46:19,28.419,30.7792,80.73,7,11,1.48,few clouds,0.0,0
349,Puerto Madryn,AR,2021-04-05 15:46:19,-42.7692,-65.0385,65.52,65,83,21.72,broken clouds,0.0,0
350,Vestmannaeyjar,IS,2021-04-05 15:46:20,63.4427,-20.2734,26.6,46,40,11.5,scattered clouds,0.0,0
351,Cajamar,BR,2021-04-05 15:46:20,-23.3519,-46.8813,79.0,53,0,9.22,clear sky,0.0,0
352,Viedma,AR,2021-04-05 15:46:20,-40.8135,-62.9967,87.01,34,1,12.37,clear sky,0.0,0
353,Old Shinyanga,TZ,2021-04-05 15:46:21,-3.55,33.4,70.32,80,60,6.67,broken clouds,0.0,0
354,Prainha,BR,2021-04-05 15:46:21,-1.8,-53.48,88.56,55,37,5.66,scattered clouds,0.0,0
355,Port Augusta,AU,2021-04-05 15:46:21,-32.5,137.7667,68.0,83,0,12.66,clear sky,0.0,0
356,Lesnoy,RU,2021-04-05 15:46:22,57.6198,63.0784,32.81,97,100,15.3,light snow,0.0,0
357,Gull Lake,CA,2021-04-05 15:46:22,50.1001,-108.4847,35.6,75,1,13.8,clear sky,0.0,0
358,Touros,BR,2021-04-05 15:46:22,-5.1989,-35.4608,86.0,62,75,12.66,broken clouds,0.0,0
359,Gravelbourg,CA,2021-04-05 15:46:23,49.8834,-106.5512,39.2,60,78,18.41,broken clouds,0.0,0
360,Fort Nelson,CA,2021-04-05 15:45:03,58.8053,-122.7002,30.2,64,75,4.61,broken clouds,0.0,0
361,Yinchuan,CN,2021-04-05 15:46:23,38.4681,106.2731,48.99,55,72,9.93,light rain,0.0,0
362,Ocean City,US,2021-04-05 15:46:23,39.2776,-74.5746,62.01,27,1,18.41,clear sky,0.0,0
363,Acari,PE,2021-04-05 15:46:24,-15.4311,-74.6158,82.35,59,68,8.84,broken clouds,0.0,0
364,Nishihara,JP,2021-04-05 15:46:24,26.1842,127.7558,66.2,63,75,17.27,broken clouds,0.0,0
365,Mao,ES,2021-04-05 15:46:24,39.8885,4.2658,62.6,63,0,6.91,clear sky,0.0,0
366,Ostrovnoy,RU,2021-04-05 15:46:25,68.0531,39.5131,34.2,86,100,22.97,overcast clouds,0.0,0
367,Tambun,ID,2021-04-05 15:46:25,-6.2641,107.0712,82.99,78,20,8.05,few clouds,0.0,0
368,Del Rio,US,2021-04-05 15:45:06,29.3627,-100.8968,71.6,64,75,13.8,broken clouds,0.0,0
369,Channel-Port Aux Basques,CA,2021-04-05 15:46:25,47.5702,-59.1367,39.63,97,100,23.13,overcast clouds,0.0,0
370,Lagoa,PT,2021-04-05 15:46:26,39.05,-27.9833,59.72,81,47,18.77,scattered clouds,0.0,0
371,Lake City,US,2021-04-05 15:41:40,30.1897,-82.6393,72.0,45,1,2.19,clear sky,0.0,0
372,Auki,SB,2021-04-05 15:46:26,-8.7676,160.7034,77.25,87,66,2.46,broken clouds,0.0,0
373,Worland,US,2021-04-05 15:46:27,44.0169,-107.9554,55.99,30,1,4.61,clear sky,0.0,0
374,Zhuhai,CN,2021-04-05 15:44:58,22.2769,113.5678,75.99,78,40,5.75,scattered clouds,0.0,0
375,Nouadhibou,MR,2021-04-05 15:44:37,20.931,-17.0347,77.0,53,33,16.11,scattered clouds,0.0,0
376,Sovetskaya Gavan,RU,2021-04-05 15:46:27,48.9723,140.2878,32.11,80,100,4.59,overcast clouds,0.0,0
377,Monduli,TZ,2021-04-05 15:46:28,-3.3,36.45,75.2,73,40,5.23,scattered clouds,0.0,0
378,Chastyye,RU,2021-04-05 15:46:28,57.2888,54.9728,32.83,87,99,5.3,overcast clouds,0.0,0
379,Avera,US,2021-04-05 15:46:28,33.194,-82.5271,73.99,37,1,3.44,clear sky,0.0,0
380,Peniche,PT,2021-04-05 15:46:29,39.3558,-9.3811,69.01,75,61,4.0,broken clouds,0.0,0
381,Barsovo,RU,2021-04-05 15:46:29,61.1667,73.1667,42.8,52,0,4.47,clear sky,0.0,0
382,Atar,MR,2021-04-05 15:44:49,20.5169,-13.0499,100.31,8,1,12.95,clear sky,0.0,0
383,Marsh Harbour,BS,2021-04-05 15:46:30,26.5412,-77.0636,68.11,52,7,10.38,clear sky,0.0,0
384,Ulaanbaatar,MN,2021-04-05 15:46:30,47.9077,106.8832,24.8,74,0,2.24,clear sky,0.0,0
385,Roma,US,2021-04-05 15:42:32,43.2128,-75.4557,53.01,40,1,11.5,clear sky,0.0,0
386,Alofi,NU,2021-04-05 15:46:31,-19.0595,-169.9187,77.0,88,98,8.05,overcast clouds,0.0,0
387,Juneau,US,2021-04-05 15:45:46,58.3019,-134.4197,37.4,87,90,12.66,light rain,0.51,0
388,Skjervoy,NO,2021-04-05 15:44:40,70.0311,20.9714,35.2,80,87,8.08,light snow,0.0,0
389,Gwadar,PK,2021-04-05 15:44:21,25.1216,62.3254,80.74,75,57,11.12,broken clouds,0.0,0
390,Agirish,RU,2021-04-05 15:46:32,61.9247,63.0231,30.43,94,100,10.54,overcast clouds,0.0,0
391,Soyo,AO,2021-04-05 15:46:32,-6.1349,12.3689,86.0,79,75,9.22,light rain,0.0,0
392,Hastings,GB,2021-04-05 15:43:11,50.8552,0.5729,46.99,30,90,4.0,overcast clouds,0.0,0
393,Polyarnyy,RU,2021-04-05 15:46:33,69.1989,33.4478,33.8,93,40,8.95,light rain,0.0,0
394,Halifax,CA,2021-04-05 15:43:31,44.6453,-63.5724,45.0,87,100,16.11,overcast clouds,0.0,0
395,Turukhansk,RU,2021-04-05 15:46:33,65.8167,87.9833,34.12,89,100,16.26,overcast clouds,0.0,0
396,Northam,GB,2021-04-05 15:46:34,51.0333,-4.2167,45.0,53,76,11.01,broken clouds,0.0,0
397,Loiza,PR,2021-04-05 15:46:34,18.4313,-65.8802,84.2,65,40,11.5,scattered clouds,0.0,0
398,Tuntum,BR,2021-04-05 15:46:35,-5.2581,-44.6489,83.05,78,99,4.47,overcast clouds,0.0,0
399,Hauterive,FR,2021-04-05 15:46:35,46.0901,3.4459,66.2,27,0,12.66,clear sky,0.0,0
400,Douglas,US,2021-04-05 15:46:35,41.3,-96.167,69.01,64,1,13.8,clear sky,0.0,0
401,Bubaque,GW,2021-04-05 15:46:35,11.2833,-15.8333,76.37,72,64,10.83,broken clouds,0.0,0
402,Te Anau,NZ,2021-04-05 15:46:36,-45.4167,167.7167,45.05,86,9,4.05,clear sky,0.0,0
403,Muntenii De Jos,RO,2021-04-05 15:46:36,46.6167,27.7667,55.4,28,0,9.22,clear sky,0.0,0
404,Langarud,IR,2021-04-05 15:46:37,37.197,50.1535,68.0,45,75,9.1,broken clouds,0.0,0
405,Gamba,GA,2021-04-05 15:46:37,-2.65,10.0,82.0,83,89,7.85,light rain,0.0,0
406,Darhan,MN,2021-04-05 15:46:37,49.4867,105.9228,40.71,51,51,2.66,broken clouds,0.0,0
407,Tigil,RU,2021-04-05 15:46:38,57.8,158.6667,21.43,97,99,3.94,light snow,0.0,0
408,Husavik,IS,2021-04-05 15:46:38,66.0449,-17.3389,23.0,42,20,6.91,few clouds,0.0,0
409,Gazanjyk,TM,2021-04-05 15:46:38,39.2446,55.5154,66.65,33,0,9.35,clear sky,0.0,0
410,Raudeberg,NO,2021-04-05 15:46:38,61.9875,5.1352,37.0,84,100,40.02,overcast clouds,0.0,0
411,Okato,NZ,2021-04-05 15:46:39,-39.2,173.8833,61.0,94,100,5.99,overcast clouds,0.0,0
412,Puerto Escondido,MX,2021-04-05 15:43:17,15.85,-97.0667,84.2,79,1,5.75,clear sky,0.0,0
413,Santa Fe,AR,2021-04-05 15:46:39,-31.6333,-60.7,73.99,79,100,1.01,overcast clouds,0.0,0
414,Garbou,RO,2021-04-05 15:46:40,47.15,23.4333,53.6,32,0,4.61,clear sky,0.0,0
415,Merrill,US,2021-04-05 15:46:40,45.1805,-89.6835,64.0,48,1,6.91,clear sky,0.0,0
416,Alta Floresta,BR,2021-04-05 15:46:40,-9.8756,-56.0861,85.66,64,57,2.91,broken clouds,0.0,0
417,Mulege,MX,2021-04-05 15:46:41,26.8833,-111.9833,85.68,23,0,0.04,clear sky,0.0,0
418,Zhezkazgan,KZ,2021-04-05 15:46:41,47.8043,67.7144,41.58,86,100,6.8,overcast clouds,0.0,0
419,Bilibino,RU,2021-04-05 15:46:41,68.0546,166.4372,-20.04,96,55,4.54,broken clouds,0.0,0
420,Xining,CN,2021-04-05 15:46:42,36.6167,101.7667,41.5,48,20,3.38,few clouds,0.0,0
421,Bonavista,CA,2021-04-05 15:45:42,48.6499,-53.1147,39.2,100,100,2.3,overcast clouds,0.0,0
422,Were Ilu,ET,2021-04-05 15:46:42,10.6,39.4333,59.47,52,79,8.88,broken clouds,0.0,0
423,Vuktyl,RU,2021-04-05 15:46:42,63.8567,57.3094,23.52,92,14,3.74,few clouds,0.0,0
424,Kroya,ID,2021-04-05 15:46:43,-7.6331,109.2461,78.19,86,99,4.59,overcast clouds,0.0,0
425,Sao Miguel Do Araguaia,BR,2021-04-05 15:45:07,-13.275,-50.1628,86.97,57,71,6.26,moderate rain,0.0,0
426,Porosozero,RU,2021-04-05 15:46:43,62.7191,32.727,35.06,96,100,15.43,light snow,0.0,0
427,Burns Lake,CA,2021-04-05 15:46:44,54.2331,-125.7533,26.6,86,100,1.14,overcast clouds,0.0,0
428,Puerto Madero,MX,2021-04-05 15:46:44,14.7208,-92.4215,86.0,58,75,5.01,broken clouds,0.0,0
429,Katherine,AU,2021-04-05 15:46:45,-14.4667,132.2667,69.8,83,6,3.44,clear sky,0.0,0
430,Sillamae,EE,2021-04-05 15:46:45,59.3997,27.7547,32.47,96,100,8.28,light snow,0.0,0
431,Tiznit,MA,2021-04-05 15:46:45,29.5833,-9.5,68.5,50,69,10.02,broken clouds,0.0,0
432,Ewa Beach,US,2021-04-05 15:44:42,21.3156,-158.0072,71.6,68,1,6.91,clear sky,0.0,0
433,Mancio Lima,BR,2021-04-05 15:46:46,-7.6142,-72.8958,77.0,100,90,3.44,overcast clouds,0.0,0
434,Ponta Delgada,PT,2021-04-05 15:46:46,37.7333,-25.6667,62.6,77,20,14.97,few clouds,0.0,0
435,Leh,IN,2021-04-05 15:46:46,34.1667,77.5833,34.52,57,49,4.97,scattered clouds,0.0,0
436,Huejuquilla El Alto,MX,2021-04-05 15:46:47,22.6,-103.8667,68.27,42,1,1.07,clear sky,0.0,0
437,San Luis,AR,2021-04-05 15:46:33,-33.295,-66.3356,80.46,43,12,10.27,few clouds,0.0,0
438,Oga,IT,2021-04-05 15:46:47,46.4631,10.347,53.01,48,0,16.11,clear sky,0.0,0
439,Hervey Bay,AU,2021-04-05 15:46:48,-25.2986,152.8535,73.0,98,100,1.01,overcast clouds,0.0,0
440,Honiara,SB,2021-04-05 15:46:48,-9.4333,159.95,78.49,88,41,0.11,scattered clouds,0.0,0
441,General Roca,AR,2021-04-05 15:46:48,-39.0333,-67.5833,71.6,60,0,3.44,light rain,0.0,0
442,Hit,IQ,2021-04-05 15:46:49,33.6416,42.8251,75.49,23,0,7.56,clear sky,0.0,0
443,Ondo,NG,2021-04-05 15:46:50,7.1,4.8333,92.23,46,56,8.55,broken clouds,0.0,0
444,North Bend,US,2021-04-05 15:43:46,43.4065,-124.2243,41.0,93,1,4.61,clear sky,0.0,0
445,Puerto Carreno,CO,2021-04-05 15:46:50,6.189,-67.4859,86.04,61,100,7.65,overcast clouds,0.0,0
446,Maxixe,MZ,2021-04-05 15:46:51,-23.8597,35.3472,80.6,47,20,8.05,few clouds,0.0,0
447,Chernyshevsk,RU,2021-04-05 15:46:51,52.5243,117.0174,22.91,43,26,10.13,scattered clouds,0.0,0
448,Tiarei,PF,2021-04-05 15:46:52,-17.5333,-149.3333,77.0,78,20,5.75,few clouds,0.0,0
449,Cockburn Town,TC,2021-04-05 15:46:52,21.4612,-71.1419,75.2,53,75,11.5,broken clouds,0.0,0
450,Beira,MZ,2021-04-05 15:46:52,-19.8436,34.8389,78.8,83,40,7.72,scattered clouds,0.0,0
451,Sao Jose Da Coroa Grande,BR,2021-04-05 15:46:53,-8.8978,-35.1478,83.73,62,57,11.3,broken clouds,0.0,0
452,Chauk,MM,2021-04-05 15:46:53,20.8833,94.8167,75.99,63,98,13.71,overcast clouds,0.0,0
453,Hammerfest,NO,2021-04-05 15:46:54,70.6634,23.6821,33.8,93,75,24.16,light snow,0.0,0
454,Codajas,BR,2021-04-05 15:46:54,-3.8367,-62.0569,87.19,64,100,3.56,overcast clouds,0.0,0
455,Tilichiki,RU,2021-04-05 15:45:25,60.4667,166.1,-6.07,94,56,9.6,broken clouds,0.0,0
456,Peace River,CA,2021-04-05 15:46:55,56.2501,-117.286,34.0,74,75,11.5,broken clouds,0.0,0
457,Port Elizabeth,ZA,2021-04-05 15:46:55,-33.918,25.5701,66.2,82,90,9.22,overcast clouds,0.0,0
458,Oxapampa,PE,2021-04-05 15:46:55,-10.5775,-75.4017,67.21,82,78,4.05,broken clouds,0.0,0
459,Ugoofaaru,MV,2021-04-05 15:46:56,5.6667,73.0,83.39,70,13,12.62,few clouds,0.0,0
460,Port Washington,US,2021-04-05 15:46:56,40.8257,-73.6982,60.01,24,1,19.57,clear sky,0.0,0
461,Sitka,US,2021-04-05 15:42:42,57.0531,-135.33,37.4,87,90,6.91,moderate rain,0.0,0
462,Paita,PE,2021-04-05 15:46:56,-5.0892,-81.1144,84.2,51,0,19.57,clear sky,0.0,0
463,Samarai,PG,2021-04-05 15:46:57,-10.6167,150.6667,82.09,78,95,0.56,overcast clouds,0.0,0
464,Tual,ID,2021-04-05 15:46:57,-5.6667,132.75,83.66,74,87,6.64,overcast clouds,0.0,0
465,Asosa,ET,2021-04-05 15:46:58,10.0667,34.5333,81.61,19,74,4.23,broken clouds,0.0,0
466,Tarakan,ID,2021-04-05 15:46:58,3.3,117.6333,77.9,83,100,2.84,overcast clouds,0.0,0
467,Novolakskoye,RU,2021-04-05 15:46:58,43.1195,46.4828,57.96,51,47,5.86,scattered clouds,0.0,0
468,Eureka,US,2021-04-05 15:46:58,40.8021,-124.1637,48.99,90,100,3.87,overcast clouds,0.0,0
469,Naze,JP,2021-04-05 15:46:59,28.3667,129.4833,59.27,70,4,11.7,clear sky,0.0,0
470,Gat,IL,2021-04-05 15:46:59,31.61,34.7642,77.0,44,0,5.75,clear sky,0.0,0
471,Poum,NC,2021-04-05 15:46:59,-20.2333,164.0167,78.62,63,58,22.97,broken clouds,0.0,0
472,Pierre,US,2021-04-05 15:43:37,44.3683,-100.351,53.6,47,1,8.05,clear sky,0.0,0
473,Gornopravdinsk,RU,2021-04-05 15:47:00,60.05,69.9,36.32,95,99,7.18,overcast clouds,0.0,0
474,Ayagoz,KZ,2021-04-05 15:47:00,47.9714,80.4392,44.13,73,100,16.28,overcast clouds,0.0,0
475,Coquimbo,CL,2021-04-05 15:42:48,-29.9533,-71.3436,68.0,56,0,8.05,clear sky,0.0,0
476,Malakal,SS,2021-04-05 15:47:01,9.5334,31.6605,97.74,10,29,5.59,scattered clouds,0.0,0
477,Talnakh,RU,2021-04-05 15:47:01,69.4865,88.3972,22.28,95,100,11.05,snow,0.0,0
478,Marshfield,US,2021-04-05 15:47:01,44.6689,-90.1718,66.99,52,1,6.91,clear sky,0.0,0
479,Toguchin,RU,2021-04-05 15:47:02,55.2353,84.3858,29.8,89,71,7.02,broken clouds,0.0,0
480,Bahar,IR,2021-04-05 15:47:02,34.9072,48.4414,54.27,27,0,9.06,clear sky,0.0,0
481,Morant Bay,JM,2021-04-05 15:47:02,17.8815,-76.4093,82.4,65,40,6.91,scattered clouds,0.0,0
482,Badou,TG,2021-04-05 15:47:03,7.5833,0.6,88.63,50,79,5.26,broken clouds,0.0,0
483,Linqiong,CN,2021-04-05 15:47:03,30.4159,103.4609,63.0,77,40,4.47,scattered clouds,0.0,0
484,Lubbock,US,2021-04-05 15:42:42,33.6001,-101.8338,61.0,72,90,16.11,overcast clouds,0.0,0
485,Ganzhou,CN,2021-04-05 15:47:04,28.8184,115.4327,52.68,94,100,1.9,overcast clouds,0.0,0
486,Yerbogachen,RU,2021-04-05 15:47:04,61.2767,108.0108,6.89,90,98,4.38,overcast clouds,0.0,0
487,Araouane,ML,2021-04-05 15:47:04,18.9048,-3.5265,100.81,5,36,9.06,scattered clouds,0.0,0
488,Rupert,US,2021-04-05 15:47:05,42.6191,-113.6772,48.2,49,1,17.27,clear sky,0.0,0
489,Mafeteng,LS,2021-04-05 15:47:05,-29.823,27.2374,67.03,31,6,5.93,clear sky,0.0,0
490,Troitsko-Pechorsk,RU,2021-04-05 15:47:05,62.7084,56.1964,24.48,94,20,3.27,few clouds,0.0,0
491,Southbridge,US,2021-04-05 15:47:06,42.0751,-72.0334,55.99,28,6,5.99,clear sky,0.0,0
492,Aykino,RU,2021-04-05 15:47:06,62.2248,49.9922,33.46,94,96,6.46,overcast clouds,0.0,0
493,Umm Kaddadah,SD,2021-04-05 15:47:06,13.6017,26.6876,90.01,6,3,11.56,clear sky,0.0,0
494,Banda Aceh,ID,2021-04-05 15:47:06,5.5577,95.3222,80.33,80,100,6.24,overcast clouds,0.0,0
495,Kulhudhuffushi,MV,2021-04-05 15:46:19,6.6221,73.07,83.19,71,9,13.04,clear sky,0.0,0
496,Ketchikan,US,2021-04-05 15:47:07,55.3422,-131.6461,37.4,100,90,5.75,overcast clouds,0.0,0
497,Hami,CN,2021-04-05 15:43:32,42.8,93.45,57.34,28,3,7.31,clear sky,0.0,0
498,Morondava,MG,2021-04-05 15:47:07,-20.2833,44.2833,77.99,67,0,12.17,clear sky,0.0,0
499,Macapa,BR,2021-04-05 15:47:08,0.0389,-51.0664,89.6,84,40,11.5,scattered clouds,0.0,0
500,Along,IN,2021-04-05 15:47:08,28.1667,94.7667,65.28,46,0,2.86,clear sky,0.0,0
501,Hampton,US,2021-04-05 15:47:08,37.0299,-76.3452,64.0,33,1,9.22,clear sky,0.0,0
502,Port Lincoln,AU,2021-04-05 15:47:09,-34.7333,135.8667,62.47,77,0,12.19,moderate rain,0.0,0
503,Lanzhou,CN,2021-04-05 15:47:09,36.0564,103.7922,57.99,87,0,11.43,clear sky,0.0,0
504,Vila Velha,BR,2021-04-05 15:47:09,-20.3297,-40.2925,77.0,83,75,3.44,broken clouds,0.0,0
505,Tateyama,JP,2021-04-05 15:47:10,34.9833,139.8667,51.01,66,45,1.99,scattered clouds,0.0,0
506,Staroaleyskoye,RU,2021-04-05 15:47:10,51.0061,82.0,36.7,84,99,8.1,overcast clouds,0.0,0
507,Santa Rosa,PH,2021-04-05 15:47:11,14.3122,121.1114,82.4,74,20,6.91,few clouds,0.0,0
508,Laguna,US,2021-04-05 15:44:18,38.421,-121.4238,51.01,76,75,6.91,broken clouds,0.0,0
509,Corner Brook,CA,2021-04-05 15:47:11,48.9667,-57.9484,53.6,76,90,14.97,overcast clouds,0.0,0
510,Aripuana,BR,2021-04-05 15:47:12,-9.1667,-60.6333,89.78,54,78,3.18,broken clouds,0.0,0
511,Esso,RU,2021-04-05 15:47:12,55.9333,158.7,8.15,97,78,4.7,broken clouds,0.0,0
512,Antofagasta,CL,2021-04-05 15:47:13,-23.65,-70.4,73.99,73,0,11.5,clear sky,0.0,0
513,Lamu,KE,2021-04-05 15:47:13,-2.2717,40.902,84.2,79,20,9.22,few clouds,0.0,0
514,Verkhnevilyuysk,RU,2021-04-05 15:47:14,63.4453,120.3167,0.73,97,100,4.72,overcast clouds,0.0,0
515,Muli,MV,2021-04-05 15:47:14,2.9167,73.5667,84.04,76,34,13.67,scattered clouds,0.0,0
516,Requena,ES,2021-04-05 15:47:14,39.4883,-1.1004,71.01,45,14,4.0,few clouds,0.0,0
517,Quatre Cocos,MU,2021-04-05 15:45:15,-20.2078,57.7625,81.0,74,40,11.5,scattered clouds,0.0,0
518,Hearst,CA,2021-04-05 15:47:15,49.6835,-83.6665,46.4,39,100,13.8,overcast clouds,0.0,0
519,Nagorsk,RU,2021-04-05 15:47:15,59.3172,50.8078,30.22,92,75,6.35,broken clouds,0.0,0
520,Corn Island,NI,2021-04-05 15:47:15,12.1694,-83.0418,80.11,75,92,12.97,overcast clouds,0.0,0
521,Molteno,ZA,2021-04-05 15:47:16,-31.3968,26.3625,67.41,33,1,7.11,clear sky,0.0,0
522,Brae,GB,2021-04-05 15:47:16,60.3964,-1.353,33.8,75,40,25.32,light snow,0.0,0
523,Seguela,CI,2021-04-05 15:47:17,7.9611,-6.6731,94.78,32,100,6.06,overcast clouds,0.0,0
524,Sambava,MG,2021-04-05 15:47:17,-14.2667,50.1667,79.9,80,37,2.42,scattered clouds,0.0,0
525,Santa Rosalia,MX,2021-04-05 15:47:17,27.3167,-112.2833,81.32,25,0,1.28,clear sky,0.0,0
526,Shimoda,JP,2021-04-05 15:47:18,34.6667,138.95,52.0,81,95,5.01,overcast clouds,0.0,0
527,Maceio,BR,2021-04-05 15:47:18,-9.6658,-35.7353,86.0,70,75,12.66,broken clouds,0.0,0
528,Verkhnyaya Sinyachikha,RU,2021-04-05 15:47:18,57.976,61.6673,32.58,90,100,13.04,overcast clouds,0.0,0
529,Margate,GB,2021-04-05 15:47:19,51.3813,1.3862,46.0,35,100,7.0,overcast clouds,0.0,0
530,Maniitsoq,GL,2021-04-05 15:44:24,65.4167,-52.9,27.09,95,100,5.23,snow,0.0,0
531,Cabedelo,BR,2021-04-05 15:44:51,-6.9811,-34.8339,86.0,66,75,12.66,broken clouds,0.0,0
532,Kamen-Rybolov,RU,2021-04-05 15:47:19,44.7481,132.0403,40.95,49,12,11.43,few clouds,0.0,0
533,Navalmoral De La Mata,ES,2021-04-05 15:47:20,39.8916,-5.5406,72.3,35,0,6.31,clear sky,0.0,0
534,San Felipe,VE,2021-04-05 15:47:20,10.3399,-68.7425,82.24,71,92,4.81,overcast clouds,0.0,0
535,Plettenberg Bay,ZA,2021-04-05 15:44:02,-34.0527,23.3716,61.9,91,100,13.6,light rain,0.0,0
536,Shenjiamen,CN,2021-04-05 15:46:31,29.9576,122.298,54.05,71,93,5.77,overcast clouds,0.0,0
537,Sao Joao Da Barra,BR,2021-04-05 15:47:20,-21.6403,-41.0511,82.4,61,75,11.5,broken clouds,0.0,0
538,Champerico,GT,2021-04-05 15:47:21,14.3,-91.9167,80.6,78,0,4.12,clear sky,0.0,0
539,Qaqortoq,GL,2021-04-05 15:47:21,60.7167,-46.0333,39.2,75,75,2.3,broken clouds,0.0,0
540,Lata,PT,2021-04-05 15:47:22,40.1629,-8.3327,79.0,45,0,12.66,clear sky,0.0,0
541,Belaya Gora,RU,2021-04-05 15:47:22,68.5333,146.4167,-15.47,99,99,5.66,overcast clouds,0.0,0
542,Barbate,ES,2021-04-05 15:47:22,36.1924,-5.9219,75.0,53,0,18.41,clear sky,0.0,0
543,Henties Bay,NA,2021-04-05 15:47:23,-22.116,14.2845,68.0,82,10,5.01,clear sky,0.0,0
544,Severnoye,RU,2021-04-05 15:47:23,56.3491,78.3619,35.33,99,99,13.44,overcast clouds,0.0,0
545,Alvorada,BR,2021-04-05 15:44:34,-12.48,-49.1247,88.72,53,55,8.34,broken clouds,0.0,0
546,Tabuk,PH,2021-04-05 15:47:23,17.4189,121.4443,73.36,87,64,5.19,broken clouds,0.0,0
547,Pacific Grove,US,2021-04-05 15:47:24,36.6177,-121.9166,53.6,71,90,3.44,overcast clouds,0.0,0
548,Atasu,KZ,2021-04-05 15:46:29,48.6814,71.6433,35.71,95,100,9.33,overcast clouds,0.0,0
549,Ozark,US,2021-04-05 15:47:24,37.0209,-93.206,68.0,66,95,5.01,overcast clouds,0.0,0
550,Urumqi,CN,2021-04-05 15:46:11,43.801,87.6005,55.4,33,0,4.47,clear sky,0.0,0
551,Ayan,RU,2021-04-05 15:47:25,56.45,138.1667,13.51,89,89,5.3,overcast clouds,0.0,0
552,Naples,IT,2021-04-05 15:47:26,40.8333,14.25,60.8,41,20,10.36,few clouds,0.0,0
553,Nemuro,JP,2021-04-05 15:45:07,43.3236,145.575,31.77,68,0,9.89,clear sky,0.0,0
554,Kigoma,TZ,2021-04-05 15:47:26,-4.8769,29.6267,80.6,69,20,11.5,few clouds,0.0,0
555,Pemberton,CA,2021-04-05 15:45:02,50.3164,-122.8027,26.6,93,1,1.32,clear sky,0.0,0
556,Sobolevo,RU,2021-04-05 15:46:45,54.4299,31.8996,42.33,56,64,13.91,broken clouds,0.0,0
557,Ekhabi,RU,2021-04-05 15:46:12,53.5102,142.9671,12.74,92,17,4.52,few clouds,0.0,0
558,Wawa,NG,2021-04-05 15:47:26,9.9022,4.4192,100.96,13,61,2.35,broken clouds,0.0,0
559,Bayir,TR,2021-04-05 15:47:27,37.2687,28.2167,66.2,55,75,11.5,broken clouds,0.0,0
560,Gushikawa,JP,2021-04-05 15:44:11,26.3544,127.8686,66.2,59,90,11.5,overcast clouds,0.0,0
561,Sault Sainte Marie,CA,2021-04-05 15:43:00,46.5168,-84.3333,48.2,43,20,14.97,few clouds,0.0,0
562,Grand Gaube,MU,2021-04-05 15:47:27,-20.0064,57.6608,81.0,72,53,5.01,broken clouds,0.0,0
563,Kenora,CA,2021-04-05 15:47:28,49.8167,-94.4337,44.6,49,90,9.22,overcast clouds,0.0,0
564,Apango,MX,2021-04-05 15:47:28,17.7333,-99.3333,80.01,34,2,3.0,clear sky,0.0,0
565,Gasa,PS,2021-04-05 15:47:28,31.5,34.4667,77.0,44,0,5.75,clear sky,0.0,0
566,Hay River,CA,2021-04-05 15:47:28,60.8156,-115.7999,32.0,59,100,11.5,overcast clouds,0.0,0
567,Richards Bay,ZA,2021-04-05 15:47:29,-28.783,32.0377,69.76,78,0,3.02,clear sky,0.0,0
568,Nampula,MZ,2021-04-05 15:47:29,-15.1165,39.2666,78.8,78,75,10.36,light rain,0.0,0
569,Nioro,GM,2021-04-05 15:45:57,13.35,-15.75,107.98,7,6,3.29,clear sky,0.0,0
570,Hunchun,CN,2021-04-05 15:47:30,42.8675,130.3581,40.23,65,71,2.3,broken clouds,0.0,0
571,Znamenskoye,RU,2021-04-05 15:47:30,57.1281,73.8282,34.21,97,100,9.15,overcast clouds,0.0,0
572,Ledyard,US,2021-04-05 15:47:31,41.4398,-72.0142,55.99,33,1,19.57,clear sky,0.0,0
573,Balaghat,IN,2021-04-05 15:47:32,21.8,80.1833,86.76,10,0,3.0,clear sky,0.0,0
574,Huarmey,PE,2021-04-05 15:47:32,-10.0681,-78.1522,76.21,73,33,10.49,scattered clouds,0.0,0
575,Wajid,SO,2021-04-05 15:47:33,3.8093,43.2471,85.64,48,59,5.75,broken clouds,0.0,0
576,Altay,CN,2021-04-05 15:47:33,47.8667,88.1167,42.44,33,0,8.75,clear sky,0.0,0
577,Brooks,CA,2021-04-05 15:47:33,50.5834,-111.8851,37.0,69,1,3.44,clear sky,0.0,0
578,Krasnoborsk,RU,2021-04-05 15:47:34,61.5598,45.934,37.89,81,100,9.13,overcast clouds,0.0,0
579,Verkhniy Mamon,RU,2021-04-05 15:47:34,50.1635,40.3832,44.74,63,100,9.01,overcast clouds,0.0,0
580,Robat Karim,IR,2021-04-05 15:47:34,35.4846,51.0829,69.8,16,0,4.61,clear sky,0.0,0
581,Yazd,IR,2021-04-05 15:47:35,31.8972,54.3675,68.0,10,20,4.61,few clouds,0.0,0
582,Nizhniy Tsasuchey,RU,2021-04-05 15:47:35,50.5167,115.1333,31.6,50,60,10.74,broken clouds,0.0,0
583,Visby,SE,2021-04-05 15:47:35,57.6409,18.296,37.99,51,0,16.11,clear sky,0.0,0
584,Hofn,IS,2021-04-05 15:47:36,64.2539,-15.2082,23.94,45,100,12.06,overcast clouds,0.0,0
585,Cumra,TR,2021-04-05 15:47:36,37.5732,32.7745,62.6,31,75,9.22,broken clouds,0.0,0
586,Loanhead,GB,2021-04-05 15:47:36,55.8795,-3.1587,44.6,42,0,11.5,clear sky,0.0,0
587,Alyangula,AU,2021-04-05 15:47:37,-13.8483,136.4192,79.7,58,15,4.74,few clouds,0.0,0
588,Khani,GE,2021-04-05 15:47:37,41.9563,42.9566,55.4,94,90,11.5,overcast clouds,0.0,0
589,Mama,RU,2021-04-05 15:47:37,58.3106,112.8986,-3.96,98,54,2.26,broken clouds,0.0,0
590,Vallenar,CL,2021-04-05 15:47:37,-28.5708,-70.7581,78.1,36,7,6.38,clear sky,0.0,0
591,Sakakah,SA,2021-04-05 15:47:38,29.9697,40.2064,80.6,8,0,5.75,clear sky,0.0,0
592,Palauig,PH,2021-04-05 15:47:38,15.435,119.9045,79.59,77,7,4.5,clear sky,0.0,0
593,Hanting,CN,2021-04-05 15:47:39,36.7708,119.2108,54.21,33,99,6.71,overcast clouds,0.0,0
594,Villefranche-Sur-Saone,FR,2021-04-05 15:47:39,45.9833,4.7167,64.0,36,99,5.01,overcast clouds,0.0,0
595,Vanavara,RU,2021-04-05 15:46:44,60.34,102.2797,25.97,98,100,2.04,overcast clouds,0.0,0
596,Mehamn,NO,2021-04-05 15:47:39,71.0357,27.8492,35.6,93,75,16.11,broken clouds,0.0,0
597,Kununurra,AU,2021-04-05 15:43:23,-15.7667,128.7333,73.4,88,6,1.52,clear sky,0.0,0
598,Kurilsk,RU,2021-04-05 15:47:40,45.2333,147.8833,27.46,76,3,6.6,clear sky,0.0,0
599,La Ronge,CA,2021-04-05 15:47:41,55.1001,-105.2842,35.6,69,95,11.5,overcast clouds,0.0,0
600,Luderitz,NA,2021-04-05 15:47:41,-26.6481,15.1594,76.84,53,3,26.51,clear sky,0.0,0
601,Medea,DZ,2021-04-05 15:47:41,36.2642,2.7539,64.4,72,40,9.22,scattered clouds,0.0,0
602,Tokmak,UA,2021-04-05 15:47:42,47.2514,35.7058,44.87,70,100,6.58,overcast clouds,0.0,0
603,Ganta,LR,2021-04-05 15:47:42,7.3022,-8.5308,89.65,46,49,5.32,scattered clouds,0.0,0
604,Kasempa,ZM,2021-04-05 15:47:42,-13.4584,25.8338,69.12,72,58,4.34,broken clouds,0.0,0
605,Stuttgart,DE,2021-04-05 15:44:11,48.7823,9.177,42.8,81,75,24.16,light rain,0.0,0
606,Den Helder,NL,2021-04-05 15:47:43,52.9599,4.7593,39.0,70,75,20.71,broken clouds,0.0,0
607,Vao,NC,2021-04-05 15:47:43,-22.6667,167.4833,74.61,74,61,21.47,broken clouds,0.0,0
608,Kamaishi,JP,2021-04-05 15:47:44,39.2667,141.8833,37.18,81,9,8.28,clear sky,0.0,0
609,Rocha,UY,2021-04-05 15:47:44,-34.4833,-54.3333,78.1,60,22,11.63,few clouds,0.0,0
610,Erbaa,TR,2021-04-05 15:47:44,40.6689,36.5675,48.2,87,75,11.5,broken clouds,0.0,0
611,Buala,SB,2021-04-05 15:47:45,-8.145,159.5921,79.88,81,97,3.24,overcast clouds,0.0,0
612,Sioux Lookout,CA,2021-04-05 15:47:45,50.1001,-91.917,44.6,53,75,8.05,broken clouds,0.0,0
613,Elbistan,TR,2021-04-05 15:47:45,38.2059,37.1983,54.7,62,98,8.28,overcast clouds,0.0,0
614,Burgeo,CA,2021-04-05 15:47:45,47.6167,-57.6152,44.71,95,100,23.94,overcast clouds,0.0,0
615,Urucara,BR,2021-04-05 15:47:46,-2.5364,-57.76,89.85,57,98,5.61,overcast clouds,0.0,0
616,Vadso,NO,2021-04-05 15:45:16,70.0744,29.7487,33.8,93,75,16.11,sleet,0.0,0
617,Harrogate,GB,2021-04-05 15:47:46,53.9908,-1.5373,46.0,36,0,21.85,clear sky,0.0,0
618,Neiafu,TO,2021-04-05 15:47:47,-18.65,-173.9833,71.6,94,40,5.03,scattered clouds,0.0,0
619,Santarem,BR,2021-04-05 15:47:47,-2.4431,-54.7083,82.4,83,40,11.5,scattered clouds,0.0,0
620,San Quintin,MX,2021-04-05 15:47:47,30.4833,-115.95,63.79,71,34,16.67,scattered clouds,0.0,0
621,Ilebo,CD,2021-04-05 15:47:48,-4.3167,20.5833,85.33,61,92,0.81,overcast clouds,0.0,0
622,Peque,CO,2021-04-05 15:47:48,7.0212,-75.9093,77.88,76,87,1.19,overcast clouds,0.0,0
623,Mackay,AU,2021-04-05 15:47:48,-21.15,149.2,73.4,94,75,4.61,broken clouds,0.0,0
624,Razole,IN,2021-04-05 15:47:49,16.4833,81.8333,82.4,83,75,2.3,broken clouds,0.0,0
625,Kilemary,RU,2021-04-05 15:47:49,56.7783,46.8659,33.01,88,71,9.06,broken clouds,0.0,0
626,Rivera,UY,2021-04-05 15:47:49,-30.9053,-55.5508,78.31,58,92,9.4,overcast clouds,0.0,0
627,Estevan,CA,2021-04-05 15:47:50,49.1334,-102.9842,39.2,65,75,21.85,broken clouds,0.0,0
628,Koshekhabl,RU,2021-04-05 15:47:50,44.8972,40.5119,51.76,86,100,18.97,light rain,0.0,0
629,Bozhou,CN,2021-04-05 15:47:50,33.8772,115.7703,45.82,68,87,4.18,overcast clouds,0.0,0
630,Boende,CD,2021-04-05 15:47:51,-0.2167,20.8667,87.28,52,72,4.29,broken clouds,0.0,0
631,Pavlovsk,RU,2021-04-05 15:47:51,50.4578,40.1081,46.22,57,100,5.23,light rain,0.0,0
632,Talaya,RU,2021-04-05 15:47:52,61.3833,152.75,1.98,98,100,2.73,overcast clouds,0.0,0
633,Villa Carlos Paz,AR,2021-04-05 15:47:52,-31.4241,-64.4978,77.0,74,97,5.99,overcast clouds,0.0,0
634,Elizabeth City,US,2021-04-05 15:47:52,36.2946,-76.2511,64.0,34,1,11.5,clear sky,0.0,0
635,Nichinan,JP,2021-04-05 15:47:53,31.6,131.3667,54.34,68,26,12.73,scattered clouds,0.0,0
636,Sao Felix Do Xingu,BR,2021-04-05 15:46:03,-6.6447,-51.995,91.99,46,23,5.12,few clouds,0.0,0
637,Sinjar,IQ,2021-04-05 15:47:53,36.3209,41.8754,64.27,35,51,6.33,broken clouds,0.0,0
638,Barcelona,ES,2021-04-05 15:44:12,41.3888,2.159,70.0,67,0,21.85,clear sky,0.0,0
639,Matam,SN,2021-04-05 15:47:54,15.6175,-13.3303,114.8,14,0,6.91,clear sky,0.0,0
640,Puerto Palomas,MX,2021-04-05 15:47:54,31.7667,-107.6167,60.8,25,1,4.09,clear sky,0.0,0
641,Sao Raimundo Das Mangabeiras,BR,2021-04-05 15:47:54,-7.0219,-45.4811,88.32,52,100,7.47,overcast clouds,0.0,0
642,Meadow Lake,US,2021-04-05 15:47:55,34.8014,-106.5436,69.01,30,40,9.71,scattered clouds,0.0,0
643,Yulara,AU,2021-04-05 15:47:55,-25.2406,130.9889,69.8,40,0,6.91,clear sky,0.0,0
644,Bonoua,CI,2021-04-05 15:47:55,5.2741,-3.595,87.8,70,20,11.5,light rain,0.0,0
645,Nelson Bay,AU,2021-04-05 15:47:56,-32.7167,152.15,64.99,100,100,5.77,overcast clouds,0.0,0
646,College,US,2021-04-05 15:47:56,64.8569,-147.8028,6.8,66,90,14.97,light snow,0.0,0
647,Kupang,ID,2021-04-05 15:47:56,-10.1667,123.5833,77.16,79,100,7.83,overcast clouds,0.0,0
648,Taoudenni,ML,2021-04-05 15:47:57,22.6783,-3.9836,96.82,5,0,14.61,clear sky,0.0,0
649,Simplicio Mendes,BR,2021-04-05 15:47:57,-7.8539,-41.9103,88.93,45,85,9.64,overcast clouds,0.0,0
650,Luchegorsk,RU,2021-04-05 15:47:57,46.4764,134.2569,43.77,36,78,16.08,broken clouds,0.0,0
651,Libertador General San Martin,AR,2021-04-05 15:47:58,-23.8064,-64.7876,80.01,73,99,1.99,overcast clouds,0.0,0
652,Loandjili,CG,2021-04-05 15:47:58,-4.7561,11.8578,84.2,79,40,11.5,scattered clouds,0.0,0
653,Matara,LK,2021-04-05 15:47:58,5.9485,80.5353,78.44,85,32,5.55,scattered clouds,0.0,0
654,Qasigiannguit,GL,2021-04-05 15:47:59,68.8193,-51.1922,17.6,86,75,6.91,light snow,0.0,0
655,Amuntai,ID,2021-04-05 15:47:59,-2.4177,115.2494,73.69,98,95,2.24,moderate rain,0.0,0
656,Gloucester,GB,2021-04-05 15:48:00,51.8657,-2.2431,44.6,29,20,13.8,few clouds,0.0,0
657,El Salto,MX,2021-04-05 15:48:00,20.3333,-104.5,81.01,16,21,1.16,few clouds,0.0,0
658,Ramanathapuram,IN,2021-04-05 15:48:00,9.3833,78.8333,84.04,74,4,7.74,clear sky,0.0,0
659,Mamlyutka,KZ,2021-04-05 15:48:01,54.9375,68.5394,34.56,87,100,18.66,overcast clouds,0.0,0
660,Akdagmadeni,TR,2021-04-05 15:48:01,39.6603,35.8836,52.5,57,100,19.17,light rain,0.0,0
661,Chemainus,CA,2021-04-05 15:48:01,48.9163,-123.7194,42.01,75,20,3.44,few clouds,0.0,0
662,Flin Flon,CA,2021-04-05 15:48:01,54.7682,-101.865,39.2,65,75,13.8,broken clouds,0.0,0
663,Krasnoturinsk,RU,2021-04-05 15:48:02,59.7666,60.2086,29.55,80,96,10.45,overcast clouds,0.0,0
664,Acucena,BR,2021-04-05 15:48:02,-19.0731,-42.5464,77.23,63,100,5.64,overcast clouds,0.0,0
665,Dodge City,US,2021-04-05 15:48:03,37.7528,-100.0171,66.99,67,1,23.02,clear sky,0.0,0
666,Peno,RU,2021-04-05 15:48:03,56.9262,32.7426,42.13,57,36,14.23,scattered clouds,0.0,0
667,Ginir,ET,2021-04-05 15:48:03,7.1333,40.7,63.57,71,52,2.24,light rain,0.0,0
668,Zalantun,CN,2021-04-05 15:48:04,48.0,122.7167,36.52,31,38,4.74,scattered clouds,0.0,0
669,Aurillac,FR,2021-04-05 15:48:04,44.9167,2.45,62.01,38,0,13.8,clear sky,0.0,0
670,Alugan,PH,2021-04-05 15:48:04,12.2188,125.4808,78.58,82,90,9.26,overcast clouds,0.0,0
671,Kroonstad,ZA,2021-04-05 15:48:05,-27.6504,27.2349,71.82,31,0,4.92,clear sky,0.0,0
672,Sarkikaraagac,TR,2021-04-05 15:48:05,38.0794,31.3664,52.75,63,38,11.03,scattered clouds,0.0,0
673,Alice Springs,AU,2021-04-05 15:48:05,-23.7,133.8833,70.0,59,0,5.75,clear sky,0.0,0
674,Saint-Joseph,RE,2021-04-05 15:44:29,-21.3667,55.6167,80.6,74,0,3.44,clear sky,0.0,0
675,Corpus Christi,US,2021-04-05 15:48:06,27.8006,-97.3964,75.2,78,75,11.5,broken clouds,0.0,0
676,Thinadhoo,MV,2021-04-05 15:48:06,0.5333,72.9333,84.06,73,17,13.96,few clouds,0.0,0
677,Guangyuan,CN,2021-04-05 15:48:06,32.442,105.823,57.99,99,100,1.92,overcast clouds,0.0,0
678,Santo Nino,PH,2021-04-05 15:48:07,6.435,124.6975,76.75,82,100,1.81,overcast clouds,0.0,0
679,Bull Savanna,JM,2021-04-05 15:48:07,17.8868,-77.5902,78.82,63,79,2.82,broken clouds,0.0,0
680,Dillon,US,2021-04-05 15:48:07,34.4166,-79.3712,75.0,35,1,5.75,clear sky,0.0,0
681,Namatanai,PG,2021-04-05 15:46:23,-3.6667,152.4333,77.83,89,100,4.56,moderate rain,0.0,0
682,Torrington,US,2021-04-05 15:48:08,41.8007,-73.1212,53.01,48,16,5.99,few clouds,0.0,0
683,Kijang,KR,2021-04-05 15:48:08,35.2442,129.2139,48.2,57,0,5.75,clear sky,0.0,0
684,Port-Cartier,CA,2021-04-05 15:48:08,50.0334,-66.8654,41.0,100,90,10.36,mist,0.0,0
685,Guasdualito,VE,2021-04-05 15:48:09,7.2424,-70.7324,80.6,78,94,4.61,moderate rain,0.0,0
686,Barbastro,ES,2021-04-05 15:48:09,42.0356,0.1269,68.0,30,0,13.8,clear sky,0.0,0
687,Paamiut,GL,2021-04-05 15:48:10,61.994,-49.6678,34.59,91,100,6.06,overcast clouds,0.0,0
